artist,artist_id,count,genres
2 Chainz,17lzZA2AlOHwCwFALHttmp,1,atl hip hop|gangster rap|hip hop|pop rap|rap|southern hip hop|trap
99 Neighbors,5uhqkMm8dyQvX83kl4Znq0,2,vermont indie
AHI,08Uextujt6ZT2iQmSYAJfH,2,canadian folk
ARMAND MARGJEKA,6FfsOtDdMCFO5Qo0H8rwPa,2,
ASL,2XxgHIPXNgHGbvtBBGZrKm,1,
AUDREY NUNA,0Wwji82sLA0Hcvtuak3omb,1,
AURORA,1WgXqy2Dd70QQOU7Ay074N,3,norwegian pop
AWOLNATION,4njdEjTnLfcGImKZu1iSrz,39,la indie|modern alternative rock|modern rock|pop rock|rock|stomp pop
Aaron Embry,37UrMzgmpRLmvVbJwcriPV,1,
Active Child,54KTsBl98buzGkELjGlnuU,1,art pop|chillwave|electropop|indietronica|metropopolis|shimmer pop|vapor soul
Adam Levine,4bYPcJP5jwMhSivRcqie2n,1,pop rock
Aerosmith,7Ey4PD4MYsKc5I2dolUwbH,1,album rock|classic rock|hard rock|rock
Aisha Badru,3vsVCHUe68gqUMIZwaVUIK,1,indie folk|nyc pop
Akinyemi,6B4zXBfxCQ7ztcBfkNngsH,1,
Al Green,3dkbV4qihUeMsqN4vBGg93,2,classic soul|funk|memphis soul|quiet storm|soul|soul blues|southern soul
Alabama Shakes,16GcWuvvybAoaHr0NqT8Eh,20,alabama indie|indie rock|modern blues rock|rock
Alex Turner,1ctkBmvz80MGyi72Ix055S,3,modern rock|rock|sheffield indie
Alexi Murdoch,25mrbNwFzoqPWyYXLhiDRw,3,acoustic pop|british singer-songwriter|indie folk|neo mellow|stomp and holler
Alice Merton,7f0OLhGgBMX9fUjm1dcPip,1,modern rock
Alicia Keys,3DiDSECUqqY1AuBP8qtaIa,3,hip pop|neo soul|pop|r&b|urban contemporary
Allen Stone,536osqBGKzeozje8BfcGsa,2,retro soul
Allie Moss,2IfLIO3nsSn1CqNUeJ8sWE,1,acoustic pop
Allman Brown,239Y6QdFqVFfdsw6moqSEN,3,acoustic pop|british singer-songwriter|indie anthem-folk|indie folk|indiecoustica
Aloe Blacc,0id62QV2SZZfvBn9xpmuCl,1,r&b
Alvvays,3kzwYV3OCB010YfXMF0Avt,1,art pop|indie pop|indie rock|shoegaze|toronto indie
American Royalty,7BSxJ94R4yVoBLeU8DHNtt,1,shimmer pop
Amnesty,13clnHtI56jEGjzqeD0Q1o,1,traditional funk
Amos Lee,0QrowybipCKUDnq5y10PD2,3,acoustic pop|indie folk|lilith|neo mellow|new americana|pop rock|stomp and holler
Anaïs Mitchell,7K5Lm5dxoEwEpOS0Fc3l3s,1,indie folk
Anderson .Paak,3jK9MiCrA42lLAdMGUZpwa,10,escape room
Anderson East,5q6z6GTth6lMbL9I8CAgby,9,funk|indie folk|modern blues|new americana
Andrew Applepie,5BYcwjrQth7em7maAt0yKE,6,vapor soul|vapor twitch
Andrew Bird,4uSftVc3FPWe6RJuMZNEe9,2,baroque pop|chamber pop|chicago indie|freak folk|indie folk|indie pop|indie rock|melancholia|stomp and holler
Andrew Duhon,68HziuR2jVOJHuVhJM4H2l,1,new orleans americana
Andrew McMahon in the Wilderness,716ZwtZBmwROBXcFmCzfdM,1,hopebeat|indie pop|indie poptimism|indietronica|modern alternative rock|modern rock|neo mellow|piano rock|pop rock|stomp and holler
André 3000,74V3dE1a51skRkdII8y2C6,1,atl hip hop|dirty south rap|southern hip hop
Andy Hull and Robert McDowell,3dI4PrTbEY460tIOcJK2KP,3,
Angie McMahon,574ERIqzZ5yZU9JhIf3Ysf,7,australian indie|australian pop
Angus & Julia Stone,4tvKz56Tr39bkhcQUTO0Xr,2,australian indie folk|indie folk|neo mellow
Animal Collective,4kwxTgCKMipBKhSnEstNKj,1,alternative dance|alternative rock|art pop|baltimore indie|chillwave|dance-punk|experimental pop|freak folk|indie pop|indie rock|indietronica|modern rock|new rave|noise pop
Animal Years,2TvIyBTuMGzgGuVLWKWJT1,1,brooklyn indie|indiecoustica|stomp and holler
Anna Wise,0N41KJ4H6bkPAm2tx7VS8C,1,alternative r&b|escape room|indie r&b|indie soul
Anthony D'Amato,1oplL2hHYq7CQykvSbd6gy,1,new jersey indie
Antony and the Johnsons,4fxp616ALtFWnXfwxnjLzW,1,art pop|baroque pop|melancholia
Aqueduct,7JMJW9JldZD548pgVkZNIc,1,one-person band|stomp pop|tulsa indie
Architecture In Helsinki,60eT7q88iLWKnuSXed1AGr,1,alternative dance|australian indie|dance-punk|indie pop
Aretha Franklin,7nwUJBm0HE4ZxD3f5cy5ok,2,classic soul|jazz blues|memphis soul|soul|southern soul
Aries,3hOdow4ZPmrby7Q1wfPLEy,2,emo rap|pop rap
Art School Girlfriend,3rtvvt1kuQ4luEWq8epaHD,1,vapor soul|welsh indie
Astrocolor,4OvLy4oD9IFQ8YCbbMDVRD,1,victoria bc indie
Atmosphere,1GAS0rb4L8VTPvizAx2O9J,1,alternative hip hop|conscious hip hop|minnesota hip hop|pop rap
Augustines,0p1LdP1XicX0UA5GNA2DWc,2,perth indie
Auli'i Cravalho,5mnS9jJdKQQcRSqFu5YPVe,2,disney|hollywood|movie tunes|show tunes
BLOXX,4wYzzR0lpEub1gUU8bbBTw,1,english indie rock|modern alternative rock|modern rock
BOYO,1puLsaxX9EwudKrNBUVFe4,1,indie garage rock
Bad Bad Hats,2bstapBmz5M83elQvPnwp6,22,minneapolis indie
Bad Books,0e9H8oaYYRCKFXOVv848nt,1,dreamo
Bad Rabbits,534rgZ76LDMlM7xLt9xSGR,5,boston rock|synth funk
Bad Suns,0YhUSm86okLWldQVwJkLlP,1,indie pop|indie poptimism|indietronica|la indie|modern alternative rock|modern rock|pop rock
Badly Drawn Boy,244fcyNSuyhbRlMGfMbYrO,1,britpop|chamber pop|melancholia
Bahamas,4C50EbCS11M0VbGyH3OfLt,4,canadian indie|indie folk|indie pop|new americana|stomp and holler
Bakar,3K2Srho6NCF3o9MswGR76H,1,indie r&b|uk alternative hip hop
Ball Park Music,1ououJVWgWsHWMYDLvT7sH,10,australian garage punk|australian indie|australian pop|brisbane indie
Band Of Skulls,4ddt8PPvmWrI9mJQy1VrIG,2,dance-punk|garage rock|garage rock revival|indie rock|modern alternative rock|modern blues rock|modern rock|punk blues|rock|southampton indie
Band of Horses,0OdUWJ0sBjDrqHygGUXeCF,2,indie folk|indie pop|indie rock|modern rock|stomp and holler
Banes World,5BCnLrqpwYtufR1bDWn0hG,1,bedroom pop|indie garage rock
Barbarossa,2P9E82N4cW2AmY2IXjq0C2,1,
Bas,70gP6Ry4Uo0Yx6uzPIdaiJ,1,hip hop|queens hip hop|rap|sudanese pop|underground hip hop
Bastille,7EQ0qTo7fWT7DPxmxtSYEc,1,metropopolis|modern rock|pop|pop rock
Beach Bunny,2vnB6tuQMaQpORiRdvXF9H,8,chicago indie|indie pop
Beach House,56ZTgzPBDge0OvCGgMO3OY,2,art pop|baltimore indie|chillwave|dream pop|freak folk|indie pop|indie rock|indietronica|modern dream pop
Begonia,4imuw38jkxPpTDqeMZDZD6,1,canadian indie|deep new americana|manitoba indie
Beirut,6pmxr66tMAePxzOLfjGNcX,4,albuquerque indie|baroque pop|chamber pop|indie pop|indie rock|stomp and holler
Ben Folds,55tif8708yyDQlSjh3Trdu,30,indie pop|permanent wave|piano rock|pop rock
Ben Folds Five,44gRHbEm4Uqa0ykW0rDTNk,1,alternative rock|indie pop|permanent wave|piano rock|pop rock
Ben Harper,45lorWzrKLxfKlWpV7r9CN,1,neo mellow
Ben Howard,5schNIzWdI9gJ1QRK8SBnc,31,british singer-songwriter|fingerstyle|folk-pop|indie folk|neo mellow|stomp and holler
Ben Lee,06y1hH4hu3rcTUXHJevPCf,1,australian alternative rock|australian pop|australian rock|pop rock
Benjamin Gibbard,4CvZd3qzC2HbLxAoAEBRIL,1,indie pop
Benny Sings,4gHcu2JoaXJ0mV4aNPCd7N,1,dutch pop|indie jazz|indie soul
Bernhoft,7hJnLLfzUy0oDOtNZF8wUm,4,norwegian indie|norwegian pop
Better Oblivion Community Center,3NBmfDV6Yh3hjuQUBVvYgO,1,art pop|indie pop|indie rock
Betty & Oswald,3Z8uzX8UEtNGYskkZJ9Acp,1,
Bhi Bhiman,6OukdlNSOR1SoGNF7v0d2C,2,
Bibio,0qzzGu8qpbXYpzgV52wOFT,3,ambient folk|chillwave|downtempo|electronica|folktronica|indie soul|indietronica
Big Black Delta,2TXpVEw5FbzDh93tLoDm0i,1,shimmer pop
Big Boi,2ht3wxeT69CzyKFChNnNAB,1,atl hip hop|dirty south rap|hip hop|southern hip hop
Big Lenbo,5G1ozOoTwFiVTKjYMj1HAJ,1,
Big Mama Thornton,6bR0cgMtkCVpm0I5yrDNzO,1,acoustic blues|blues|harmonica blues|rhythm and blues|texas blues|traditional blues
Big Red Machine,7gXy60xRcwYujBFoYHnR2O,2,eau claire indie|folktronica|indie folk
Big Scary,4mLYW48jy9Pwv6KpT74Evf,2,australian indie
Big Tree,3QXmRXyVjkukOYMDYuRvl5,1,indie psych-pop
Big Wild,0PxzGnCYBpSuaI49OR94cA,1,electropop|indie poptimism|indietronica|tropical house|vapor soul
Bill Withers,1ThoqLcyIYvZn7iWbj8fsj,5,funk|motown|quiet storm|soul
Billie Eilish,6qqNVTkY8uBg9cP3Jd7DAH,1,electropop|pop
Billy Danze,2N1BZwnczv6rghRsi1ECdd,1,
Billy Joel,6zFYqv1mOsgBRQbae3JJ9e,1,album rock|classic rock|folk rock|mellow gold|piano rock|rock|singer-songwriter|soft rock
Billy Preston,0IecGJbdBeYSOVtSPRehh5,2,funk|motown|rock keyboard|soul|southern soul
Bipolar Sunshine,0CjWKoS55T7DOt0HJuwF1H,2,gauze pop
Bishop Briggs,0yb46jwm7gqbZXVXZQ8Z1e,1,electropop|modern alternative rock|modern rock|pop
Black English,6MqPuCO3Ssgfih4X62XcMO,1,
Black Honey,2oVmQT6s29pVIKpqJkyxBS,1,brighton indie|english indie rock|modern alternative rock
Blakroc,193xIEtje6LUhfsFZvGjpM,1,
Blank Range,4TKZQfojfl4wUDO3Mql65t,1,deep new americana
Bob Dylan,74ASZWbe4lXaubB36ztrGX,2,classic rock|country rock|folk|folk rock|rock|roots rock|singer-songwriter
Bobby Charles,3Z8Ab6lOrrOzIekUwxLxI0,1,
Body Language,3xtK8y5UQ3YFudzNct4tsw,1,chillwave|nu disco
Bon Iver,4LEiUm1SRbFMgfqnQTwUbQ,13,eau claire indie|indie folk|melancholia|slowcore
Bonny Light Horseman,0Qi9Fcmn1DJAoG8Agf5ibb,1,alternative country|indie folk|new americana|stomp and holler
Bosley,4fFbBXQ3LooiXGHkpX2Xle,1,baltimore indie
Brain,6g0Xatzg8vlchoEe21LoeH,1,
Brandi Carlile,2sG4zTOLvjKG1PSoOyf5Ej,1,acoustic pop|folk|indie folk|lilith|modern folk rock|neo mellow|new americana|pop rock|stomp and holler
Brandy,05oH07COxkXKIMt6mIPRee,1,dance pop|hip hop|hip pop|neo soul|pop|pop rap|r&b|urban contemporary
Brasstracks,5sKvgmG84C0bIMWeS2SRPr,1,nyc pop
Brian Owens,7H5TzLxLTOrQuBuVzvll6d,3,
Briston Maroney,7vtSUU3zpHeYJfX6BPNrJd,2,indie pop|modern rock|nashville indie
Brittany Howard,4XquDVA8pkg5Lx91No1JxB,2,modern blues rock|neo soul
Broken Bells,6dgwEwnK0YtDfS9XhRwBTG,23,alternative dance|alternative rock|dance-punk|indie pop|indie rock|indietronica|la indie|modern rock|new rave|rock|shimmer pop
Broken Social Scene,7lOJ7WXyopaxri0dbOiZkd,4,alternative dance|alternative rock|baroque pop|canadian indie|canadian rock|chillwave|dance-punk|freak folk|indie folk|indie pop|indie rock|modern rock|nu gaze|slowcore|stomp and holler
Bronze Radio Return,2ic4xySjQ39N7DJ0HZemeG,2,connecticut indie|indie folk|indie pop|indie poptimism|indiecoustica|modern rock|pop rock|shimmer pop|stomp and holler|stomp pop
Bruno Major,0hDjKSKjl1DC7ovYTDJHe8,1,indie r&b|pop
Bruno Mars,0du5cEVh5yTK9QJze8zA0C,3,dance pop|pop
Busman's Holiday,0vGYvd52hokoir5xE6fmnD,1,indiana indie
Busty and the Bass,4XMc1qHObZ7aXQrH5MmbjK,2,retro soul
BØRNS,1KP6TWI40m7p3QBTU6u2xo,3,electropop|indie pop|modern rock|pop
C2C,28INUgyzTTRbvSphrJbgZ2,1,turntablism
CHAPPO,0fdMBzQuX9TIF6t6N8fwg6,1,brooklyn indie
CHVRCHES,3CjlHNtplJyTf9npxaPl5w,2,electropop|indie pop|indie poptimism|indietronica|metropopolis|neo-synthpop|shimmer pop
Caamp,0wyMPXGfOuQzNR54ujR9Ix,1,indie folk|new americana|stomp and holler
Caesars,4rGrN4XDYhP6dUAZMvcuHr,1,swedish indie rock
Café Tacvba,09xj0S68Y1OU1vHMCZAIvz,1,latin|latin alternative|latin rock|mexican rock|rock en espanol
Cage The Elephant,26T3LtbuGT1Fu9m0eRq5X3,2,indie pop|indie rock|modern alternative rock|modern rock|punk blues|rock
Calexico,1OmdWpAh1pucAuZPzJaxIJ,1,alternative country|roots rock|slowcore|stomp and holler|tucson indie
Callie Hernandez,13kKxNPnxPeeWQaAaZwvCP,1,
Calliope Musicals,3I6AKy4LL4bfIvcscJRu23,1,austindie
Calum Scott,6ydoSd3N2mwgwBHtF6K7eX,1,neo mellow|pop|viral pop
Capital Cities,4gwpcMTbLWtBUlOijbVpuu,1,alternative dance|indie pop|metropopolis|modern rock
Carla Geneve,0UzJFZTzFyN6EYjenzezfT,1,australian garage punk|australian indie rock|perth indie
Carla Thomas,1QAGLCom3FHTTiuRFsjzOj,12,classic soul|memphis soul|motown|rhythm and blues|soul|southern soul
Carly Rae Jepsen,6sFIWsNpZYqfjUpaCgueju,4,canadian pop|dance pop|electropop|indie poptimism|pop|post-teen pop
Caroline Rose,06W84OT2eFUNVwG85UsxJw,4,art pop|indie folk|indie pop|indie rock|indie surf|vermont indie
Caroline Smith,47blM5Op3BJODxUJImwdYE,1,minneapolis indie|stomp and holler
Caroline Spence,4De2r7QdHl1eZwnEnQ1IzE,1,indie folk|nashville singer-songwriter|new americana
Cat Clyde,7oRT0oC3vhUGQJCL6CYYzk,1,canadian folk|canadian singer-songwriter
Cat Power,6G7OerKc3eBO9sVkRNopFC,1,anti-folk|art pop|freak folk|indie pop|indie rock|melancholia|singer-songwriter|slowcore
Caught A Ghost,2e898fil1F5umrc2LBtV93,14,la indie
Cautious Clay,6iWuBN32BqCJAeXW6o3nil,4,alternative r&b|electropop|indie r&b|nyc pop|vapor soul
Celebration,6ITIhwzOeoG3BjX3Es1q0T,1,baltimore indie
Celeste Krishna,4fHswCzZBwNyv68zJk0yDC,1,
Chadwick Stokes,785rMkDH7JjOFN3NcBGDJM,1,modern folk rock
Chance the Rapper,1anyVhU62p31KFi8MEzkbf,9,chicago rap|conscious hip hop|hip hop|pop rap|rap
Charles Bradley,462T0buQ5ScBUQCRpodDRf,5,funk|soul
Charlie Sztyk,0gxrWwatKUig3FuTvjboZM,1,
Chet Faker,6UcJxoeHWWWyT5HZP064om,4,
Childish Gambino,73sIBHcqh3Z3NyqHKZ7FOL,4,atl hip hop|hip hop|pop rap|rap
Chip Tha Ripper,0PA28tQBY65NmvLi0xvuX9,1,ohio hip hop
Chris Gavino,2JK2ahpxy1xIU1iRR81ITe,1,
Christopher Jackson,6sLwRSXSUF5JTUnQaFenyj,1,hollywood|show tunes
Chuck Berry,293zczrfYafIItmnmM3coR,8,blues rock|classic rock|rock|rock-and-roll|rockabilly|soul
Citizen Cope,7enBrBojgBJuPPdqTq4Z5F,1,neo mellow
City and Colour,74gcBzlQza1bSfob90yRhR,6,canadian folk|canadian indie
Cliff Martinez,2OVqg3lxC8ZIf0vHcEqaCf,1,soundtrack
Cloud Nothings,6rnbB5fuUuCSsspvFsxIpT,1,cleveland indie|indie punk|indie rock|lo-fi|modern rock|noise pop|nu gaze|popgaze
Coconut Records,2YKp8Odp8GGbAkVU60Yk2Y,1,indie pop|la indie|stomp and holler
Cold War Kids,6VDdCwrBM4qQaGxoAyxyJC,43,indie pop|indie rock|modern alternative rock|modern rock|piano rock|pop rock|rock|stomp and holler
Coldplay,4gzpq5DPGxSnKTe4SA8HAU,62,permanent wave|pop
Collapsing Stars,4ZDnft3oizJXm9SyVxT6xU,1,
Collections Of Colonies Of Bees,4mGXknIZtImmEXjSQfGGQp,1,milwaukee indie
Common,2GHclqNVjqGuiE5mA7BEoc,1,alternative hip hop|chicago rap|conscious hip hop|gangster rap|hardcore hip hop|hip hop|neo soul|political hip hop|rap|southern hip hop
Conan Gray,4Uc8Dsxct0oMqx0P6i60ea,1,bedroom pop|indie pop|pop
Conner Youngblood,1HzpwUIkmmlGCNuoOcXiIW,2,shimmer pop|shiver pop
Conor Oberst,2Z7gV3uEh1ckIaBzTUCE6R,1,anti-folk|indie folk|indie pop|indie rock|melancholia|omaha indie|stomp and holler
Courtney Barnett,4OOlG5eBXSkSAAEeKjJb5Y,2,art pop|australian indie|indie pop|indie rock|melbourne indie
Crying,4RoIQHT4yJcA0ENhs8WLd4,1,bitpop|diy emo|indie punk|modern power pop
Crystal Fighters,75EZuo5MHV2572NRpMWotC,1,alternative dance|new rave
Cub Sport,6vqMDhoigg5btfdPsPTVFt,1,australian hip hop|australian indie|australian indie rock|australian pop|brisbane indie
Cullah,5Emm04qPI9mTCoRI9XkHUz,1,milwaukee indie
DJ Shadow,5CE2IfdYZEQGIDsfiRm8SI,1,alternative hip hop|big beat|downtempo|electronica|hip hop|trip hop|turntablism
DMX,1HwM5zlC5qNWhJtM00yXzG,1,east coast hip hop|gangster rap|hardcore hip hop|hip hop|pop rap|rap|southern hip hop
DYAN,5oVU37Ru65xPHl7dJG7gR9,1,la pop
Daft Punk,4tZwfgrHOc3mvqYlEYSvVi,1,electro|filter house
Damian Lemar Hudson,4L1YBxxAxQx0HG8lgPcFcJ,1,
Damien Jurado,79JJCxCCfJ8HufX6w8q2k4,3,alternative country|chamber pop|freak folk|indie folk|indie rock|new americana|slowcore|stomp and holler
Damien Rice,14r9dR01KeBLFfylVSKCZQ,1,acoustic pop|irish rock|irish singer-songwriter|neo mellow|singer-songwriter
Dan Auerbach,6YWdHD3R863Apw1hkx3BwC,23,funk|garage rock|indie folk|modern blues rock|modern rock|new americana|punk blues|rock|stomp and holler
Daniel Ahearn & The Jones,56T46dhAqh112Nsh1rhUOa,1,
Daniel Caesar,20wkVLutqVOYrc0kxFs7rA,4,canadian contemporary r&b|pop
Daniel Ellsworth & The Great Lakes,6wdFLynBtY9Ee5UV8NUJj0,1,nashville indie
Daniel Radcliffe,2YD3t3MBtQo16C8FrEYVh3,1,
Daniel Tashian,4RldQHPp4l6UV78DAvf5qz,1,
Dark Dark Dark,3UORxcctdWi6drku1qOrol,1,chamber folk|chicago indie
Darlingside,3DkhgIw7lIyxekurpXNTrm,1,boston folk|folk-pop|indie folk|new americana|new england americana|stomp and holler
Daughter,46CitWgnWrvF9t70C2p1Me,2,shimmer pop
Dave Barnes,7hbH1qupmU6HxVBjWJItlq,1,acoustic pop|indiecoustica|neo mellow|pop rock
Daveed Diggs,3twuAojvYNrlWZpMkxLm3P,1,alternative hip hop
David Bowie,0oSGxfWSnnOXhD2fKuz2Gy,1,album rock|art rock|classic rock|dance rock|glam rock|permanent wave|rock
David Gray,7J2lZBANizgPNfUzux31PV,2,neo mellow|permanent wave|pop rock
Dawn Golden,6MzxeKydmXufvX7HYPknFW,2,lo star|vapor pop
DeYarmond Edison,6arKuGbH3PuYfGN6yJ7RA9,4,eau claire indie|stomp and holler
Death Cab for Cutie,0YrtvWJMgSdVrk3SfNjTbx,8,indie pop|indie rock|modern rock|pop rock|washington indie
Declan McKenna,2D4FOOOtWycb3Aw9nY5n3c,1,indie pop|modern alternative rock|modern rock|rock
Del Water Gap,0xPoVNPnxIIUS1vrxAYV00,2,deep new americana
Diplo,5fMUXHkw8R8eOP2RNVYEZX,3,bmore|edm|moombahton|ninja|pop
Dirty Gold,2BcIBFXVoydowG3UQYYq49,1,
Disclosure,6nS5roXSAGhTGr34W6n7Et,1,house|pop|tropical house|uk dance
Dispatch,6v4jPZO3UIDNJIgdxRxtr9,7,indie folk|jam band|modern folk rock|neo mellow|reggae rock|stomp and holler
Doja Cat,5cj0lLjcoR7YOSnhnX0Po5,1,la indie|pop
Dominic Fike,6USv9qhCn6zfxlBQIYJ9qs,1,alternative pop rock|pop
Dr. Dog,4mLJ3XfOM5FPjSAWdQ2Jk7,4,alternative rock|indie folk|indie pop|indie rock|modern folk rock|modern rock|philly indie|shimmer pop|stomp and holler
Dr. Dre,6DPYiyq5kWVQS4RGwxzPC7,3,g funk|gangster rap|hip hop|rap|west coast rap
Drake,3TVXtAsR1Inumwj472S9r4,1,canadian hip hop|canadian pop|hip hop|pop rap|rap|toronto rap
Drew Holcomb & The Neighbors,4RwbDag6jWIYJnEGH6Wte9,5,acoustic pop|indie folk|indiecoustica|neo mellow|new americana|stomp and holler
Dria,6TdWOjwRnSDGDqWLISPiw2,1,
Drummer,2ubgwp2gCwaTpqrwjkiF41,3,deep indie pop
Durand Jones & The Indications,6TVVIyd0fsRDGg6WzHKyTP,1,funk
Dusty Springfield,5zaXYwewAXedKNCff45U5l,1,adult standards|brill building pop|british invasion|folk|folk rock|mellow gold|motown|soul|vocal jazz
Earl Sweatshirt,3A5tHz1SfngyOZM2gItYKu,1,alternative hip hop|escape room|experimental hip hop|hip hop|rap|underground hip hop
Easy Giant,30GTS0uRAeWkcoDAwHfKJB,1,
Eau Claire Memorial Jazz I,4hRBjeemQ2NVkMIcaN9n3g,3,eau claire indie
Ehiorobo,5kZ3bLambJ4rBTQ7c2pmi5,1,neo r&b
Electric Guest,7sgWBYtJpblXpJl2lU5WVs,4,alternative dance|indie pop|indie rock|indietronica|la indie|modern rock|shimmer pop|vapor soul
Ella Fitzgerald,5V0MlUE1Bft0mbLlND7FJz,1,adult standards|jazz blues|swing|vocal jazz
Ellie Holcomb,5hNiAUVPCTgcpy8vljCxzs,1,anthem worship|ccm|indiecoustica|roots worship
Elliot Root,2czQ8vG4i3wBWxfsAt4yqw,1,hopebeat|indie cafe pop|indie poptimism|indiecoustica|indietronica|modern rock|stomp and holler
Eloise,7LlIWfvgWlDBXfxCvCFbuC,1,bedroom soul
Elton John,3PhoLpVuITZKcymswpck5b,2,glam rock|mellow gold|piano rock|soft rock
Elvis Presley,43ZHCT0cAZBISjO8DG9PnE,1,rock-and-roll|rockabilly
Emanuel and the Fear,04KTuIKAn0UgWuZiWvBXoo,1,stomp pop
Emile Haynie,3HlAg5EbFYOdlVPooU9f0K,1,buffalo ny indie
Emily Sage,5VmTuE1qfSRDnjltjkNTWL,1,charlotte nc indie
Emma Stone,68Uwx1d3EbjDJhYsLjqvIq,3,hollywood
Eric D. Johnson,4LBdlNpHBD8dHPcVCrjSB6,1,
Eric Krasno,6tQIsqw6DrDfdoPwOrOD6k,1,
Eryn Allen Kane,5xI4mPixKfrCCspATqbpy3,1,alternative r&b|indie soul|neo r&b
Esmé Patterson,1PoFNQQDFXvOYm6Dx8coAa,3,deep new americana|new americana
Ezra Furman,1uR7zoLrSRI8bSL43OZ0GY,1,alternative pop|transpop
Family Portrait,0x9FXWb1oVJz7FlC1UA8Z3,1,popgaze
Father John Misty,2kGBy2WHvF0VdZyqiVCkDT,5,freak folk|indie folk|indie pop|indie rock|rock|stomp and holler
Fatlip,2rjcywjNOv7KNRGktTYLbR,1,alternative hip hop
Fellowship Creative,1HFukfooHlG0Z5nvBCpLNL,1,
Fenne Lily,7iPH2BRBF9wKa6ljxvdext,1,bristol indie|british singer-songwriter|chamber pop|indie anthem-folk|indie folk
Fever Dolls,3KeGbFp8QkzaknOW0sLexS,1,
Fink,2t9yJDJIEtvPmr2iRIdqBf,2,ninja
First Aid Kit,21egYD1eInY6bGFcniCRT1,1,indie folk|stomp and holler|swedish americana|swedish country
Fitz and The Tantrums,4AcHt3JxKy59IX7JNNlZn4,4,indie pop|indie poptimism|la indie|modern alternative rock|modern rock|pop rock|rock
Five For Fighting,7FgMLbnZVrEnir95O0YujA,1,acoustic pop|neo mellow|piano rock|pop rock|post-grunge
Fleet Foxes,4EVpmkEwrLYEg6jIsiPMIb,1,chamber pop|freak folk|indie folk|indie pop|indie rock|modern rock|seattle indie|stomp and holler
Flipturn,7FKTg75ADVMZgY3P9ZMRtH,1,jacksonville indie
Florence + The Machine,1moxjboGR7GNWYIMWsRjgG,1,art pop|baroque pop|pop|uk alternative pop
Forest City Lovers,3xt6JhemYM0hVt6F33cs31,3,canadian indie folk|toronto indie
Fort Atlantic,4Rdk2ceg24bhG52VuMcZ7Y,1,modern folk rock
Fort Frances,1b2FE6oSOgzJ9dwNZi0Pqn,1,chicago indie
Foster The People,7gP3bB2nilZXLfPHJhMdvc,11,indie pop|modern alternative rock|modern rock|rock
Frances Cone,5xKsfZBL84iULLWjvd4dWh,2,pop folk
Francesca Blanchard,5nr9aC1q4Iu3i4hYOiRiNf,1,vermont indie
Francois Peglau,6jXaF3Tfh1hxacwmX1k0o1,1,peruvian indie
Frank Ocean,2h93pZq0e7k5yf4dywlkpM,12,alternative r&b|hip hop|lgbtq+ hip hop|neo soul|pop
Frankie Cosmos,0x4xCoWaOFd3WsKarzaxnW,1,bedroom pop|indie garage rock|indie pop|indie rock
Frat Mouse,5KyiJcvybfUdX8Qm9OhMy8,1,
Freddie Scott,3uuQLSmKyXSXIStTYGKLrT,1,southern soul
Freedom Fry,195hFqaTDENqLCcG8uGtM7,1,folk-pop|indie folk|shimmer pop|stomp and holler
Future Islands,1WvvwcQx0tj6NdDhZZ2zZz,21,alternative dance|baltimore indie|chillwave|indie pop|indie rock|indietronica|modern rock|new rave
G Flip,4SdIXLzfabqU61iK7SnKAU,7,australian alternative pop|australian hip hop|australian indie|australian pop
GIVERS,6t4Gtzu86ovaXYUmAL2zb3,1,lafayette indie|shimmer pop
Gabrielle Aplin,3w6zswp5THsSKYLICUbDTZ,1,acoustic pop|dance pop|indie cafe pop|neo mellow|neo-singer-songwriter|pop|pop rock|uk pop|viral pop
Galactic,4rMUtWPGbE6waga7PQO0oQ,2,funk|funk rock|jam band|new orleans funk
Gang of Youths,142YBUGmLWCJigFLzgguf8,1,australian hip hop|australian indie|australian pop|modern rock
Gardiner Sisters,3J28FLi8jjXtUGWf69cP7I,1,channel pop|lds youth|viral pop
Gary Clark Jr.,01aC2ikO4Xgb2LUpf9JfKp,20,blues rock|electric blues|funk|modern blues|modern blues rock|rock|soul blues|texas blues
Gary Jules,5oRnbmgqvvq7fVlgk4vcEa,1,neo mellow
Gavin Turek,17czHqI0Lwj2V3htvm8afG,1,
Gayngs,3OUN7gnsDijEfvaHpXAAzI,1,chillwave|eau claire indie
Generationals,57MtJQ6Sc4tIxrXIhrqVJL,1,alternative dance|chillwave|indie pop|indie rock|indietronica|modern rock|new orleans indie|shimmer pop|stomp and holler
Geographer,5vvvgOwPjA4R5t07ZXLLwZ,1,bay area indie|chillwave|indie pop|indietronica|shimmer pop
George Erza,0L9bBkGrJkOH5APl0zaNZq,1,
George Ezra,2ysnwxxNtSgbb9t1m2Ur4j,4,folk-pop|neo-singer-songwriter|pop
Gin Wigmore,4Gzfk9Lxm67nBs7E9BZjzG,1,auckland indie|kiwi rock
Glass Animals,4yvcSjfu4PC0CYQyLy4wSq,1,gauze pop|modern rock|shiver pop
Glen Hansard,3Caot8EtHX6wLpNF2wRzS0,1,irish rock|irish singer-songwriter|melancholia|neo mellow
Glorietta,7xOKlpKHj8SkUgiVFA2LX7,2,deep new americana
Glossary,5qIewQM1fiHXXGFRSBpQvu,1,
GoGo Penguin,19f2JXwlRU26376TCKmp6L,2,british jazz|contemporary jazz|indie jazz|jazztronica|modern jazz trio|nu jazz|progressive jazz fusion
GoldFord,4I2QW85rkIhCRRZt1kuBqS,1,
Gorillaz,3AA28KZvwAUcZuOKwyblJQ,1,alternative hip hop|art pop
Grace Potter,1PJVVIeS5Wu0wbZDhtC0Ht,1,
Grace Potter & The Nocturnals,23OknxGcY1i5xX1TRPilMj,1,modern blues rock
Greg Cox,0sSaM0P7mPCUyS7QE0HANt,1,charlotte nc indie
Greg Laswell,2Mf99N2VcDEcVuocyBLhyC,1,acoustic pop|neo mellow
Greg Porn,56m3zvu4pwoqd9MrHkQHQg,1,
Gregory Alan Isakov,5sXaGoRLSpd7VeyZrLkKwt,31,indie folk|neo mellow|new americana|pop folk|stomp and flutter|stomp and holler
Gretta Ray,4xdEmbimxXyo9wXy9lq3ek,1,australian indie|australian pop
Greyhounds,1FcTd89N9ESEOsIDD883Kp,6,deep new americana|funk
Grouplove,3kVUvbeRdcrqQ3oHk5hPdx,16,indie pop|indie rock|la indie|modern alternative rock|modern rock|pop rock|rock|stomp and holler
"Grover Washington, Jr.",05YVYeV4HxYp5rrWalvuE1,1,jazz funk|smooth jazz
Gryffin,2ZRQcIgzPCVaT9XKhXZIzh,1,dance pop|edm|electro house|pop|tropical house
Guards,0Zsp7eS6zZEDnEsZaJtr7U,1,
HAIM,4Ui2kfOqGujY81UcPrb5KE,5,dance pop|indie pop|metropopolis|pop|pop rock|rock
Hala,1dTBAtLZBUB8Ir4PmJYw9t,2,indie garage rock
Haley Heynderickx,73MDShZzdL4vUGMkmXOG6X,2,art pop|freak folk|indie folk|indie pop|indie rock|portland indie|small room
Half Moon Run,3ceQN2NVlLg1hgTzljDE4n,2,canadian indie|indie quebecois|quebec indie
Hannah Gill,3sHQVe8OpE2O9AcDV3gBFl,2,
Hannah Gill & the Hours,0B4gyPFrq9gNPdXSrWDHZT,1,deep new americana
Harry Styles,6KImCVD70vtIoJWnq6nGn3,4,pop|post-teen pop
Heartless Bastards,2wwMTLM2da1sa2JcJslf8W,8,punk blues|stomp and holler
Henry Hall,2tRg9tU9VRKsmTr2ihZCEs,1,la indie
Here We Go Magic,4WxjrOJGIngO2hJnlCeK7f,1,baroque pop|brooklyn indie|freak folk
Hiatus Kaiyote,43JlwunhXm1oqdKyOa2Z9Y,1,australian r&b|indie jazz|indie soul|neo r&b|neo soul|shiver pop
Highasakite,5awQWdBpLqN2KFVRN8w56T,1,norwegian indie|norwegian pop|norwegian rock
Hippo Campus,1btWGBz4Uu1HozTwb2Lm8A,2,indie pop|indie poptimism|indie rock|indietronica|minneapolis indie|modern alternative rock|modern rock
Hiss Golden Messenger,37eqxl8DyLd5sQN54wYJbE,1,alternative country|deep new americana|indie folk|indie rock|modern folk rock|new americana|north carolina indie|roots rock|stomp and holler
Hollow Coves,7IAFAOtc9kTYNTizhLSWM6,6,indie anthem-folk|indie folk|stomp and holler
Hospital Ships,5cq2TLhaxy9ByyGt4Hxg2Z,1,lawrence ks indie
Hot 8 Brass Band,1lvVzEkQ4u72rrZ7bNUkcD,1,brass band|new orleans funk|second line|street band
Houndmouth,7EGwUS3c5dXduO4sMyLWC5,2,deep new americana|indie folk|indie pop|indie rock|modern folk rock|modern rock|new americana|rock|stomp and holler
Hozier,2FXC3k01G6Gw61bmprjgqS,29,irish singer-songwriter|pop
Hungry Kids of Hungary,11jOZfVtketvHlyEXCkCWC,4,australian indie
Hurray For The Riff Raff,2xLEV2jDreAOcpJXFNoXyt,1,alternative country|new americana|new orleans americana|stomp and holler|traditional folk
I Am Oak,3rkCcFVpbFYCvnNKTT7LUe,3,dutch indie|dutch indie rock|dutch singer-songwriter
Ida Maria,2MCUVoI9J8LEqtHvf3X5ln,4,
Ingrid Michaelson,2vm8GdHyrJh2O2MfbQFYG0,13,acoustic pop|ectofolk|indiecoustica|lilith|neo mellow|pop|pop rock
Iron & Wine,4M5nCE77Qaxayuhp3fVn4V,1,acoustic pop|indie folk|indie pop|neo mellow|stomp and holler
Iron Eyes Cody,5WHwKodR4w0Nj8OyHf7edB,1,vermont indie
J. Cole,6l3HvQ5sa6mXTsMTB19rO5,3,conscious hip hop|hip hop|north carolina hip hop|rap
J. Roddy Walston & The Business,1FlpoZvmdqEMfKIzgMmSJX,1,deep new americana|indie folk|modern blues rock|new americana|stomp and holler
JAY-Z,3nFkdlSjzX9mRTtwJOzDYB,4,east coast hip hop|hip hop|pop rap|rap
JJ Grey & Mofro,1Jl8u1U1GtBlwocZK5LWZv,9,blues rock|funk|jam band|modern blues|modern blues rock|new americana|roots rock|swamp rock
JR JR,3VAxb3UskTNiHAKh4UeOEv,2,indie pop|indie poptimism|indietronica|modern rock|shimmer pop|stomp and holler
Jack Harlow,2LIk90788K0zvyj2JJVwkJ,2,deep underground hip hop|kentucky hip hop|pop rap|rap|trap
Jack Johnson,3GBPw9NK25X1Wt2OUvOwY3,2,neo mellow
Jack White,4FZ3j1oH43e7cukCALsCwf,1,alternative rock|blues rock|garage rock|garage rock revival|indie rock|modern blues rock|modern rock|punk blues|rock
Jack's Mannequin,42aeGx2I3uXINpGqC8L0LD,9,neo mellow|neon pop punk|piano rock|pop emo|pop punk|pop rock
Jackie Wilson,4VnomLtKTm9Ahe1tZfmZju,1,adult standards|brill building pop|chicago soul|classic soul|motown|quiet storm|rhythm and blues|rock-and-roll|soul
Jacob Banks,0AepkoQhYvkjEzzwIcGxdV,2,indie r&b|uk contemporary r&b
Jade Bird,7D8LuVnlyu91ndcPe70j7S,2,folk-pop|indie folk|uk americana
James Bay,4EzkuveR9pLvDVFNx6foYD,1,neo mellow|pop|pop rock
James Blake,53KwLdlmrlCelAZMaLVZqU,6,art pop|indie r&b|indie soul|uk alternative pop
James Morrison,3LpLGlgRS1IKPPwElnpW35,1,neo mellow|neo soul|pop|pop rock
James Vincent McMorrow,7FDlvgcodNfC0IBdWevl4u,2,indie anthem-folk|indie folk|irish singer-songwriter|neo mellow
Jamie Foxx,7LnaAXbDVIL75IVPnndf7w,1,dance pop|hip hop|hip pop|neo soul|pop rap|r&b|southern hip hop|urban contemporary
Jamila Woods,4UodukR17NIQfNu5uaqm9B,1,afrofuturism|alternative r&b|escape room|indie soul
Japanese Wallpaper,2xUsnfrcs3h2FzdRQvGmGM,1,australian indie|australian pop|indie dream pop|vapor soul
Jason Mraz,4phGZZrJZRo4ElhRtViYdl,1,acoustic pop|neo mellow|pop|pop rock
Jaws of Love.,165BHXMlW522HMz0sLhGtq,2,
Jay Rock,28ExwzUQsvgJooOI0X1mr3,1,conscious hip hop|gangster rap|hip hop|pop rap|rap|southern hip hop|trap|underground hip hop
Jeff Buckley,3nnQpaTvKb5jCQabZefACI,1,melancholia|permanent wave|rock|singer-songwriter
Jelani Aryeh,7A47sEe0ih6WpKmNCRMu86,1,bedroom soul|indie r&b
Jellyfish,10flBVEy5MiUXOJWTaFsyL,1,beatlesque|jangle pop|pop rock|power pop
Jenna Pemkowski,29eVvwQJ6dwSiykc8RtlpG,1,
Jenny Lewis,5cMVRrisBpDkXCVG48epED,1,art pop|indie folk|indie pop|indie rock|lilith
Jenny Owen Youngs,52mkFCABBeP3KjkWFA4M2H,1,lilith|new jersey indie
Jeremih,3KV3p5EY4AvKxOlhGHORLg,1,chicago rap|dance pop|pop|pop rap|r&b|southern hip hop|trap|urban contemporary
Jeremy Kay,6HnFfQug60BF0wJPXpusXY,1,
Jerry Douglas,4YgACLaoEjPl4kVZ5WmBN9,1,bluegrass|instrumental bluegrass|jig and reel|progressive bluegrass
Jesca Hoop,0fqE57gXXTTqxXlFYVNG2u,1,etherpop|indie folk
Jesse Boykins III,7N3L5HZxQqxWSfhrrTNI29,1,alternative r&b|indie r&b|neo r&b|neo soul
Jesse Daniel Smith,2ciKXsw2J3JHto2f38qc0W,1,indiecoustica
Jesse Dee,4Aqq0nxCt1gn9HfESSEJ0Q,11,
Jessica Rothe,21yiGQIpkiP8edfxDipQaW,1,
Jessie Buckley,0gvb5LJ9nR6z0UqohIojP1,1,irish country
Jim Jones,6AMa1VFQ7qCi61tCRtVWXe,1,gangster rap|harlem hip hop|hip hop|pop rap|rap|trap
Jimi Charles Moody,2c7W5Wrgn9aGrqtSFrHa1a,2,
Jimmy Cliff,3rJ3m1tM6vUgiWLjfV8sRf,1,reggae|roots reggae|ska
Jimmy Eat World,3Ayl7mCk0nScecqOzvNp6s,3,emo|modern power pop|modern rock|neo mellow|pop punk|pop rock|post-grunge|rock
Jinja Safari,0p11FG7aiJPJYLZuiCjXmC,1,australian indie|australian indie rock
Joanna Sternberg,2qDa6aEDJtMIQMb6IddWaI,1,
Joe Hertler & The Rainbow Seekers,2bqcjvd6ETkqubaQnx3OtS,1,michigan indie
Joel Cross,38lU4NjAo7YezpYklAhz7O,1,
John Legend,5y2Xq6xcjJb2jVM54GHK3t,3,neo mellow|neo soul|pop|r&b|urban contemporary
John Mark Nelson,7JhOzFlNJjcRrFan1wlwYB,1,minneapolis indie
John Mayer,0hEurMDQu99nJRq8pTxO14,15,neo mellow|pop|pop rock|singer-songwriter
John Mayer Trio,68xuC1qXRhCUvGd4SSM655,1,blues rock|modern blues
John Newman,34v5MVKeQnIo0CWYMbbrPf,12,pop
John Vincent III,1sgVcCMCarG7yWGmkP9wMb,1,indie anthem-folk|indie folk|stomp and holler
John Wasson,3kfJcLXiDvbTG7qMQHVB6c,1,
Jon and Roy,1K0Gi1qUFGSyZUFXvJF4F2,3,victoria bc indie
JonZ,5jVIa3EKyJbq1i8iEC5PBO,1,israeli indie
Jordan Mackampa,24WPEGLYPvEsmk4GSDFyST,2,indie anthem-folk|indie soul
Jorja Smith,1CoZyIx7UvdxT5c8UkMzHd,1,pop|uk contemporary r&b
Joseph,5Wfvw7rDz7HA6gE2z6QhqO,1,folk-pop|indie folk|new americana|stomp and holler
Josh Garrels,16QSVsPKl743hu4U5C18R8,1,acoustic pop|anthem worship|ccm|christian indie|christian uplift|indiecoustica|indy indie|neo mellow|roots worship|stomp and holler|worship
Josh Kaufman,3kKgcBXTgyAZhXPV3AaSZc,1,
Josh Pyke,4UzQ37Y0rzonVpsXpcNyFH,1,australian alternative rock|australian indie|australian singer-songwriter
Joshua Lee Turner,1bfk97GO0DYNUjbNNJ0XIT,1,
José González,6xrCU6zdcSTsG2hLrojpmI,4,gothenburg indie|indie folk|neo mellow|stomp and holler|swedish indie folk|swedish indie pop|swedish singer-songwriter
Jukebox The Ghost,0L8jXe7QeS9oYUoXbANmX4,1,indie pop|indie poptimism|indiecoustica|modern alternative rock|modern rock|piano rock|pop rock|stomp and holler
Julia Jacklin,12fRkVfO2fUsz1QHgDAG3g,2,art pop|indie folk|indie pop|indie rock|sydney indie
Julien Baker,12zbUHbPHL5DGuJtiUfsip,1,ambient folk|art pop|indie folk|indie pop|indie rock
"Jump, Little Children",2FUX1YWRyeqe4wbOregG0G,1,south carolina indie
Junip,7HcipAIJatVGT4U6HQrnFW,2,stomp and holler|swedish indie rock
Junkie XL,5svDnd8joFhbpbA3Ar0CfN,1,big beat|soundtrack
Justin Hurwitz,2snm3HmsnDUDxbIChdl2Oj,4,hollywood|movie tunes
Justin Timberlake,31TPClRtHm23RisEBtV3X7,8,dance pop|pop
Justin Vernon,13rHmjtJmlIJ2aDyJc7CLV,3,eau claire indie
Júníus Meyvant,5IL5awl9gUcb2ez9IgmW26,4,icelandic folk|icelandic indie|icelandic pop
K.Flay,0pCNk4D3E2xtszsm6hMsWr,3,electropop|escape room|hip pop|indie poptimism|indietronica|modern alternative rock|modern rock|pop|rock
KALEO,7jdFEYD2LTYjfwxOdlVjmc,9,icelandic indie|icelandic rock|modern alternative rock|modern rock
KIDS SEE GHOSTS,2hPgGN4uhvXAxiXQBIXOmE,3,hip hop|rap|underground hip hop
Kali Uchis,1U1el3k54VvEUzo3ybLPlM,4,colombian pop|pop
Kanye West,5K4W6rqBFWDnAN6FQUkS6x,6,chicago rap|rap
Karen Cowley,0pANuDFzZpuOm7NK5L478T,1,
Kat Wright,3FX6ZjUpCoJOwsxleWx2ci,1,deep new americana|vermont indie
Kate Davis,4jXKRg7GZPm3mKGgKwUEco,1,
Katy Perry,6jJ0s89eD6GaHleKKya26X,1,dance pop|pop|post-teen pop
Keaton Henson,6GFfu1alUSrL7qazImC160,8,ambient folk|british singer-songwriter|chamber pop|indie folk
Keegan DeWitt,1QkkfXx0WxSxmUIQOkSWa2,1,
Kelsey Lu,0fEfMW5bypHZ0A8eLnhwj5,1,alternative r&b|art pop|electropop|escape room|indie r&b|indie soul
Kendrick Lamar,2YZyLoL8N0Wb9xBt1NhZWg,21,conscious hip hop|hip hop|rap|west coast rap
Kid Cudi,0fA0VVWsXO9YnASrzqfmYu,13,hip hop|ohio hip hop|pop rap|rap
Kiki Dee,4vjGlQWexbru6aOUCLTVir,1,classic uk pop
Kim Weston,71pUA2TXf3JHUPUgsjLtuL,1,motown|northern soul|rhythm and blues
Kimbra,6hk7Yq1DU9QcCCrz9uc0Ti,1,bergen indie|electropop|nz pop
Kina Grannis,7h4j9YTJJuAHzLCc3KCvYu,1,acoustic pop|neo mellow|viral pop
King Charles,6QKDcdjtwqu4E7rztEUQu5,1,folk-pop|shimmer pop
King Chip,5NjUjtjtkzZqRuWFdspT1K,1,ohio hip hop
King Henry,4IbUky1dWqlyVlMMTJXPI5,1,la pop
King Princess,6beUvFUlKliUYJdLOXNj9C,2,dance pop|electropop|indie pop|nyc pop|pop
Kings of Leon,2qk9voo8llSGYcZ6xrBzKx,44,modern rock|rock
Kirk Franklin,4akybxRTGHJZ1DXjLhJ1qu,1,gospel|gospel r&b
Kishi Bashi,3LVPGE5jPPwtbGslx07YR0,1,indie pop|metropopolis|shimmer pop|stomp and holler|stomp and whittle
Kita Alexander,3CGuwWgoCYSO5Z72H5G2Ec,1,aussietronica|australian indie|australian pop
Kodaline,4BxCuXFJrSWGi1KHcVqaU4,11,irish pop|modern rock|pop|pop rock
Kopecky,0vRO9bFgOrDoFtLcDHV8b6,2,nashville indie
Kristen Wiig,7MypuUAk2WmPRi8G1VNkyE,1,
Kristin Diable,54pjCT6b2kZAQuHsS4lR43,1,baton rouge indie|oth indie
Kyle Thornton & The Company,4mGPVJbOURnByVYcaQZa2J,1,retro soul
LION BABE,4VA3EAvncrTucjTmrvd4GE,1,alternative r&b|escape room|indie r&b|indie soul|neo r&b|neo soul
LSD,6IZ4ctovY9dl7bgHClAvKJ,3,pop
La La Land Cast,6T70tWxqyIpdVbsFvPzqM3,1,
Labrinth,2feDdbD5araYcm6JhFHHw7,3,pop
Lady Lamb,2wunbYU5KWrpI7RCRBkwF0,4,indie pop|indie rock|indie singer-songwriter|maine indie
Lake Street Dive,3nuc29fYGlQbIrwh4yrNWd,47,boston rock|indie folk|new americana|stomp and holler
Lala Lala,492I2sQFcHDcsZECYX25dE,1,indie garage rock|indie punk|indie rock
Langhorne Slim,099toTcKJoywTosZr2hHjy,1,anti-folk|deep new americana|indie folk|modern folk rock|new americana|stomp and holler
Laura Marling,7B2edU3Q7btJoNsoHCNohM,1,art pop|british folk|british singer-songwriter|chamber pop|indie folk|indie pop|singer-songwriter|stomp and holler
Lawrence,5rwUYLyUq8gBsVaOUcUxpE,2,nyc pop|retro soul
Lazlo Bane,2jI9rHOuUAPJEULovOfgyB,1,
Leanids,2NmXIlUmv2VSpysi35fs9W,1,
Leif Vollebekk,3jzXlBF2157k4exx7idecs,2,canadian americana|deep new americana|indie folk|new americana|quebec indie|stomp and holler
Leikeli47,0DtXHIvJ8NWBg5pGvsgWnR,2,alternative r&b|escape room|hip pop|pop|pop rap|trap queen
Leon Bridges,3qnGvpP8Yth1AqSBMqON5x,18,modern blues|soul
Lewis Del Mar,2oqwwcM17wrP9hBD25zKSR,1,indie pop|indie rock|indietronica|modern alternative rock|modern rock|nyc pop|vapor soul
Life in Film,1GiGmnJBIwKiXV8AbjuJ9P,1,british indie rock
Lil Dicky,1tqhsYv8yBBdwANFNzHtcr,3,comedy rap|pop rap|rap
Lilla Vargen,1bYTiIHnxEdBncCHYCfE4j,2,indie anthem-folk|irish singer-songwriter|uk pop
Little Green Cars,2Vz3AN2wY3xjS2jCaGMVsy,3,irish rock|melancholia|metropopolis|shimmer pop|shiver pop|stomp and holler
Liz Lawrence,5v4XGACPGcMZs2ANXBzVmC,1,neo-singer-songwriter
Lizzo,56oDRnqbIiwx4mymNEv7dS,9,dance pop|escape room|minnesota hip hop|pop|pop rap|trap queen
Local Natives,75dQReiBOHN37fQgWQrIAJ,2,electropop|indie folk|indie pop|indie rock|la indie|modern rock|rock|shimmer pop|stomp and holler|vapor soul
Logic,4xRYI6VqpkE3UwrDrAZL8L,23,conscious hip hop|dmv rap|hip hop|pop rap|rap
Lord Huron,6ltzsmQQbmdoHHbLZ4ZN25,8,indie folk|stomp and holler
Lorde,163tK9Wjr9P9DmM0AVK7lm,1,art pop|dance pop|metropopolis|nz pop|pop
Louis Armstrong,19eLuQmk9aCobbVDHc6eek,1,adult standards|dixieland|harlem renaissance|jazz trumpet|new orleans jazz|swing|vocal jazz
Louis Jordan & His Tympany Five,62FPyLpIhmk27hBw6RHlhh,1,jazz blues|rhythm and blues|swing
Louis The Child,7wg1qvie3KqDNQbAkTdbX0,1,edm|electropop|pop|tropical house
Louise Bush,6pItJ6ijL7bMCneuwqRreN,1,
Lucius,1WrqUPWlHN5FXCRcQgrkas,4,indie folk|indie pop|new americana|stomp and holler
Lucy Dacus,07D1Bjaof0NFlU32KXiqUP,15,art pop|indie folk|indie pop|indie rock
Lucy Rose,2uvY5pgdD9t1CZ5zMNw1rl,1,ambient folk|british singer-songwriter|indie anthem-folk|indie folk
Ludwig Goransson,24eDfi2MSYo3A87hCcgpIL,1,nordic soundtrack|scorecore|soundtrack
Luke De-Sciscio,41RGqF0I6xFG0GzQmLKDgb,1,bath indie
Luke Levenson,0pKtFEz6xH7d3HPZVDQsyN,1,
Luniz,3z3g65U7mmyyBmmDfsQK9x,1,g funk|gangster rap|hyphy|oakland hip hop|west coast rap
Lupe Fiasco,01QTIT5P1pFP3QnnFSdsJf,1,chicago rap|conscious hip hop|gangster rap|hip hop|political hip hop|pop rap|rap|southern hip hop
LÉON,4SqTiwOEdYrNayaGMkc7ia,1,indie poptimism|metropopolis|neo mellow|pop
M83,63MQldklfxkjYDoUE4Tppz,1,french shoegaze|metropopolis|neo-synthpop
MC Eiht,4XqfpACObRB5AsBcUYjL8X,1,g funk|gangster rap|west coast rap
MGMT,0SwO7SWeDHJijQ3XNS7xEE,2,alternative dance|indie pop|indie rock|indietronica|modern rock|rock
MS MR,4XaUmUGjidSklcDHxv3XWf,1,indietronica|metropopolis|shimmer pop|shiver pop
MUNA,6xdRb2GypJ7DqnWAI2mHGn,1,art pop|dance pop|electropop|indie electropop|indie pop|indie poptimism|indietronica|la pop|metropopolis|pop|vapor soul
Mac Miller,4LLpKhyESsyAXpc4laK94U,2,hip hop|pittsburgh rap|pop rap|rap
Macy Gray,4ylR3zwA0zaapAu94fktwa,1,neo soul|pop rock
Madaila,5E4iLecVciUgfwg1gDjFHa,1,vermont indie
Madi Sipes & The Painted Blue,48Qmm3KEWtgPvLdy9cddPc,1,bedroom soul|sacramento indie
Maggie Rogers,4NZvixzsSefsNiIqXn0NDe,6,electropop|pop
Magic Man,6ejhZKxWJr9apHAzj74DHv,1,indie pop|indie poptimism|indietronica|modern rock|shimmer pop
Majical Cloudz,4BEYBN6NCPrFk3sOLMTby3,1,art pop|canadian electropop|shiver pop
Major and the Monbacks,6LexxAB0FIcCHUUOQnVuzO,1,
Mallrat,4OSArit7O2Jaj4mgf3YN7A,1,aussietronica|australian indie|australian pop|brisbane indie
Marcus Mumford,3bYcjbVAN3rAuU3TMzw2mB,1,british singer-songwriter
Margaret Glaspy,13YVfXddjRIUrubItJjadb,9,art pop|indie folk|indie pop
Margot & The Nuclear So And So's,4fw9oPmbbmHW5aAJpkJdlI,1,dreamo|indie pop|indy indie|stomp and holler
Maritime,79xu36jzq3a5nU8uubNZr9,1,emo|emo punk
Mark Ronson,3hv9jJF3adDNsBSIQDqcjp,2,dance pop|pop
Marlin's Dreaming,3LTsKAOByvXFR2UshGoxaL,1,dunedin indie|nz indie
Maroon 5,04gDigrS5kc9YWfZHwBETP,5,pop|pop rock
Marty O'Reilly & the Old Soul Orchestra,0oFKnXK9fgRpWNyKoJeSOy,1,deep new americana|indie folk
Marvin Gaye,3koiLjNrgRTNbOwViDipeA,7,classic soul|funk|motown|northern soul|quiet storm|soul
Mary Elizabeth Winstead,4LJyNrhA76ZDxM5YnLHEse,1,
Mary J. Blige,1XkoF8ryArs86LZvFOkbyr,1,dance pop|hip pop|neo soul|pop|r&b|urban contemporary
Mat Kearney,2NQEwAVHBNcI0tGMLlWwF1,1,acoustic pop|indiecoustica|neo mellow|pop rock|stomp and holler
Matt Duncan,7gRH7pJQJaAvrwvi8STYEl,1,lexington ky indie|retro soul
Matt and Kim,4MSMDY0ClgWqXApU53I1L1,12,brooklyn indie|indie pop|indie rock|indietronica|modern alternative rock|modern rock|pop rock|shimmer pop|stomp and holler
Mattiel,69ZtLNs4CNIFnf3Vq7wN5q,1,chamber psych
Mavis Staples,0cTSCsVx04SSht9V6cpKN0,2,funk|roots rock|soul|southern soul|spirituals
Max Richter,2VZNmg4vCnew4Pavo8zDdW,1,compositional ambient|focus|post-minimalism|soundtrack
Maxence Cyrin,3NcPjvA2rp9FPj1JBAXwOS,1,
Meg Mac,4faUajx9k93O56nlmpkOuz,1,australian hip hop|australian indie|australian pop
Megan Thee Stallion,181bsRPaVXVlUKXrxwZfHK,1,houston rap|pop|pop rap|trap queen
Memorecks,4BxJYbvCLVAO73rMZ6yTKJ,1,vapor twitch
Menahan Street Band,1PryMSya1JnSAlcwYawCxp,4,afrobeat|brass band|funk|instrumental funk|soul
Metric,1rCIEwPp5OnXW0ornlSsRl,2,alternative dance|canadian indie|canadian rock|dance-punk|electropop|indie pop|indie rock|indietronica|metropopolis|modern rock|neo-synthpop|new rave|shimmer pop
Micah Marcos,1xSJzHEuspH8nnPVQfBtRO,1,
Michael Kiwanuka,0bzfPKdbXL5ezYW2z3UGQj,7,british soul|funk|neo soul|soul
Michael Marshall,2FT75iYuWmycqYrXbVD9cn,1,
Michelle Lockey,61xD9tkbLgzb6awlho5Yml,1,
Middle Kids,6AawJaQO4i99Be2A3w7BTW,4,australian indie|australian pop|sydney indie
Mikky Ekko,1buzCmyYZE4kcdLRudsb8V,2,nashville indie
Miles Davis,0kbYTNQb4Pb1rPbbaF0pT4,1,bebop|contemporary post-bop|cool jazz|hard bop|jazz|jazz fusion|jazz trumpet
Milky Chance,1hzfo8twXdOegF3xireCYs,2,german pop
Mimicking Birds,5PifaykkaJRJlWbUz3H0od,1,portland indie
Mindy Smith,4QGC11o7gQR7MBEJ5cUMSv,1,acoustic pop|folk|lilith
MisterWives,5ivCbtrcD5N4rD337xIb2z,4,electropop|indie pop|indie poptimism|indietronica|modern rock|nyc pop|pop|pop rock|stomp and holler
Mo Lowda & the Humble,3P3iJ6AlAdlb4tYAu00Fhk,1,deep new americana|modern alternative rock|philly indie
Moby,3OsRAKCvk37zwYcnzRf5XF,1,downtempo|electronica
Modest Mouse,1yAwtBaoHLEDWAnWR87hBT,4,alternative rock|indie pop|indie rock|modern rock|rock|washington indie
Modesty Lycan,1LcXJmD55hFoDHHL8Tnsrs,1,
Molly Parden,5dUUxJQg27XaHdKyLYwNg5,1,indie folk|new americana
Mona,4AKwIU9B31J3L41DuJfFym,1,
Monarchs,2eR3cOK80CasFmUgfYLjar,1,
Mondo Cozmo,7ybnRZKtRbWQzJfKyYSyh6,1,alternative americana|modern alternative rock
Monica Heldal,0OzR8yVFsezkr01beN2ec0,1,bergen indie|new americana|norwegian americana|norwegian singer-songwriter
Monica Martin,2Oq3sgFa2HSvRY0vL6bDxN,1,
Moon Taxi,5DK8eK7fjvRsziXzyr3sFA,4,indie pop|indie poptimism|indietronica|modern alternative rock|modern rock|pop rock|stomp and holler
Mother Mother,0e86yPdC41PGRkLp2Q1Bph,4,canadian indie|indie pop|indie rock|modern rock|rock|vancouver indie
Motion City Soundtrack,19zqV9DV3txjMUjHvltl2D,1,emo|modern rock|neon pop punk|pop punk
Motopony,5urVI6ZUTzPlsqQoHVwc9s,3,alternative americana
Mountain Man,5kmPNusdo1mCTyz4u1uEGm,2,freak folk|indie folk|indie pop|north carolina indie|stomp and holler|vermont indie
Ms. Lauryn Hill,2Mu5NfyYm8n5iTomuKAEHl,1,conscious hip hop|dance pop|hip pop|neo soul|new jersey rap|pop|r&b|urban contemporary
Mt. Joy,69tiO1fG8VWduDl3ji2qhI,5,indie folk|indie rock|modern rock|stomp and holler
Muddy Waters,4y6J8jwRAwO4dssiSmN91R,2,blues|blues rock|chicago blues|classic rock|electric blues|soul|traditional blues
Mumford & Sons,3gd8FJtBJtkRxdfbTu19U2,42,modern folk rock|modern rock|stomp and holler|uk americana
Muse,12Chz98pHFMPJEknJQMWvI,33,modern rock|permanent wave|post-grunge|rock
Mutual Benefit,0AUwa5xmiy57qdGlOksvea,13,shimmer psych
My Brothers And I,01pbsrLZgBLuMIoU10Ypyb,1,indie cafe pop|indiecoustica
My Bubba,09VsCALGBjeVE3pq9k085d,1,icelandic folk
N.W.A.,4EnEZVjo3w1cwcQYePccay,3,conscious hip hop|gangster rap|hardcore hip hop|hip hop|old school hip hop|rap|west coast rap
NEEDTOBREATHE,610EjgFatGvVPtib97jQ8G,110,acoustic pop|ccm|christian alternative rock|christian indie|christian music|folk-pop|indiecoustica|neo mellow|pop rock|worship
NKLS,6CPmOHOVwU8yvOjqF5j5OJ,1,
Natasha Bedingfield,7o95ZoZt5ZYn31e9z1Hc0a,1,dance pop|europop|neo mellow|pop|pop rap|pop rock|post-teen pop
Nathaniel Rateliff,4qKpLkR911SUlnd4HAtF79,5,deep new americana|indie folk|new americana|stomp and holler
Nathaniel Rateliff & The Night Sweats,02seUFsFQP7TH4hLrTj77o,2,funk|indie folk|new americana|rock|stomp and holler
National Parks,6eHFsocCqvgNf36XxMYisL,1,
Naughty Boy,1bT7m67vi78r2oqvxrP3X5,1,tropical house|uk contemporary r&b
Neutral Milk Hotel,2ooIqOf4X2uz4mMptXCtie,1,alternative rock|anti-folk|athens indie|e6fi|freak folk|indie pop|indie rock|lo-fi|modern rock
Nick Murphy,2Q0MyH5YMI5HPQjFjlq5g3,4,australian electropop|australian indie|downtempo
Nico,0IwlY33zbBXN7zlS9DP2Cj,1,art pop|art rock|experimental|melancholia|post-punk|psychedelic rock
Nicole Scherzinger,40xbWSB4JPdOkRyuTDy1oP,1,dance pop|electropop|europop|pop|post-teen pop|urban contemporary
Nicole Wray,3opP52YUU3kBoPizkJETnm,1,hip pop|r&b|urban contemporary
Noah Gundersen,34482S5nfxR441wcnVfrHi,1,acoustic pop|alternative roots rock|indie folk|stomp and holler
Noah Reid,0h3ltaoCYAfisEeddUYDZT,1,canadian singer-songwriter
Noire,2alOWLKI3HbgjLLrIwCBU0,1,
Noname,1EpyA68dKpjf7jXmQL88Hy,1,alternative r&b|chicago rap|escape room|hip hop|indie soul|neo soul|rap|underground hip hop
Norah Jones,2Kx7MNY7cI1ENniW7vT30N,1,contemporary vocal jazz|neo mellow|vocal jazz
Normani,2cWZOOzeOm4WmBJRnD5R7I,1,dance pop|pop|post-teen pop|r&b
Northeast Party House,500YRyClzP6Z7HtWd1BIje,1,australian hip hop|australian indie|australian pop|indietronica
Nosaj Thing,0IVapwlnM3dEOiMsHXsghT,1,bass music|chillwave|electronica|glitch hop|indietronica|microhouse|wonky
OK Go,3hozsZ9hqNq7CoBGYNlFTz,4,alternative rock|chicago indie|dance-punk|indie pop|indie rock|modern alternative rock|modern rock|permanent wave|pop rock|rock
Odette,1iQVsRr2JalWIOLQa4T7O6,3,australian hip hop|australian indie|australian pop
Of Monsters and Men,4dwdTW1Lfiq0cM8nBAqIIz,17,folk-pop|indie pop|metropopolis|modern rock|pop rock|stomp and holler
Oh Pep!,3L9rqEIsNSaOcx2QIstn7v,1,australian americana
Old Lights,22sgEx7JJ4wcr60dDfibpp,4,stl indie
Old Man Canyon,3lybdJ5QPH5NJolzMVKnLx,1,
Orville Peck,46auOkH1pk28rWrSoUNhLo,3,alternative country
Oscar Isaac,5opRYqktzpMFqZ7jtnp7yy,2,movie tunes
Otis Redding,60df5JBRRPcnSpsIMxxwQm,52,classic soul|funk|memphis soul|soul|soul blues|southern soul
OurVinyl,4MhBe0d439ToDXCWlT3wae,1,
PHOX,3ix4iw2URncSdE7X292bXy,4,chamber pop|wisconsin indie
Palace,48vDIufGC8ujPuBiTxY8dm,3,english indie rock|indie soul
Palatine,4eJdfmQbRaPDjYJ1JNgXTp,2,
Paolo Nutini,7x5rK9BClDQ8wmCkYAGsQp,1,british soul|neo mellow|scottish singer-songwriter
Parcels,3oKRxpszQKUjjaHz388fVA,1,aussietronica|indie soul
Passion Pit,7gjAu1qr5C2grXeQFFOGeh,14,alternative dance|indie pop|indie rock|indietronica|modern rock
Patrick James,02rbtsxmzmlWKtEZ4DLZr8,1,australian indie|australian indie folk|indie anthem-folk
Patrick Watson,7bPs6jf983f0bjRAt1yxDM,1,chamber pop|indie folk
Paul Dano,0d0liXFdRL3eCV1YMKeYwW,2,
Paul McCartney,4STHEaNw4mPZ2tzheohgXB,1,album rock|art rock|beatlesque|classic rock|folk rock|mellow gold|rock|soft rock
Paul Otten,6UhDX431GWF6SQrcwu4NhX,1,modern folk rock
Paul Simon,2CvCyf1gEVhI0mX6aFXmVI,2,classic rock|folk|folk rock|mellow gold|permanent wave|rock|roots rock|singer-songwriter|soft rock
Peach Pit,6fC2AcsQtd9h4BWELbbire,1,indie pop|modern rock|vancouver indie
Penguin Prison,5VsOThWOagH8C8gCvIy13k,1,alternative dance|chillwave|electropop|indie pop|indie poptimism|indietronica|nu disco|shimmer pop
Penny & The Quarters,76sXjAhV0Hc3Pdb6bH3waC,1,traditional soul
Pete Rock & C.L. Smooth,3fJ60AcIgLzQkVitEvA7uq,1,alternative hip hop|east coast hip hop|gangster rap|hardcore hip hop|hip hop|jazz rap|rap|turntablism
Phantom Planet,0LsTFjEB1IIrh7IlTxs1GY,2,
Phillip Larue,7gIDHAJ0iFOGSMTiqsNUZT,1,acoustic pop|indie anthem-folk|indie folk|indiecoustica|neo mellow
PhiloSofie,5Mvx3dMV17trz9HTdF2AkQ,1,
Phoebe Bridgers,1r1uxoy19fzMxunt3ONAkG,2,art pop|indie folk|indie pop|indie rock
Pillow Queens,7BDvurihyagH0uSPNDJX7d,1,dublin indie|irish indie rock
Pixies,6zvul52xwTWzilBZl6BUbT,1,alternative rock|art rock|boston rock|modern rock|permanent wave|rock
Pomplamoose,5dHfLBNU8zoypgKefzEB1c,1,folk-pop
Portugal. The Man,4kI8Ie27vjvonwaB2ePh8T,16,indie pop|indie rock|modern alternative rock|modern rock|rock
Prinze George,3o6TKTQIu0lCYcNtSO3i1G,1,etherpop|indie electropop|indie poptimism|vapor pop|vapor soul
Priory,3sk9GNYRthjLjrZDflxhiB,1,
Próxima Parada,43cM1JWUzdfkZCi7rjkPnz,5,deep new americana
Queen,1dfeR4HaWDbWqFHLkxsg1d,17,glam rock|rock
Queens of the Stone Age,4pejUc4iciQfgdX6OKulQn,1,alternative metal|alternative rock|blues rock|modern rock|nu metal|palm desert scene|post-grunge|rock|stoner metal|stoner rock
Quinn Christopherson,0tzC81XDBWtTPfJyUg6O2j,1,
R. Kelly,2mxe0TnaNL039ysAj51xPQ,1,
RAC,4AGwPDdh1y8hochNzHy5HC,1,alternative dance|chillwave|electropop|indie pop|indie poptimism|indietronica|metropopolis|shimmer pop|vapor soul
RIVVRS,5T3N5ks9c3L7D4aXw54DVs,3,folk-pop|indiecoustica|stomp and holler
RY X,2KjAo6wVc9d2WcxdxSArpV,1,indie anthem-folk|indie folk|indie r&b|vapor soul
Ra Ra Riot,6FIrstf3kHEg3zBOyLpvxD,1,alternative dance|baroque pop|electropop|indie pop|indie poptimism|indie rock|indietronica|modern rock|piano rock|shimmer pop|stomp and holler
Rachel House,1kB7GlXzdNWl28zLcOkQqU,1,show tunes
Rachel Mazer,1gN0EvPI7000a53bw1MXbl,1,
Racoma,3Y3bK9UlgDtqEfIwFUCLH0,1,seattle indie
Radiation City,1nlI6sCz1fw135KYwweoCk,2,portland indie|shimmer pop
Radical Face,5EM6xJN2QNk0cL7EEm9HR9,1,indie folk|indie pop|jacksonville indie|stomp and holler
Rafael Casal,25fpNHdnzHEoz5rJTSoX1B,1,
Rainbow Kitten Surprise,4hz8tIajF2INpgM0qzPJz2,1,indie folk|indie pop|indie rock|modern alternative rock|modern rock|stomp and holler
Raleigh Ritchie,0IB0VjX9NSrGX6PjCXGVcq,1,uk contemporary r&b
Randy Newman,3HQyFCFFfJO3KKBlUfZsyW,1,disney|movie tunes|singer-songwriter
Ratatat,57dN52uHvrHOxijzpIgu3E,2,alternative dance|new rave
Ray Charles,1eYhYunlNJlDoQhtYBvPsi,4,adult standards|classic soul|jazz blues|piano blues|soul|soul blues|vocal jazz
Ray LaMontagne,6DoH7ywD5BcQvjloe9OcIj,4,acoustic pop|indie folk|neo mellow|new americana|pop rock|stomp and holler
Regina Spektor,3z6Gk257P9jNcZbBXJNX5i,1,anti-folk|indie pop|lilith|piano rock|pop rock
Relient K,3nJWBJvK7uGvfp4iZh9CkN,1,canadian ccm|christian alternative rock|christian music|christian punk|christian rock|neo mellow|pop punk|pop rock
Remy Zero,2pZCKLhbrrDD4PwEzrDig3,1,alabama indie|pop rock
Reuben And The Dark,6eXJslu7IJJ6Ej8Czbd0iO,11,calgary indie|canadian folk|canadian indie
Rex Orange County,7pbDxGE6nQSZVfiFdq9lOL,12,bedroom pop|indie r&b|pop
Rhye,2AcUPzkVWo81vumdzeLLRN,13,downtempo|indie soul|indietronica|shimmer pop
Rihanna,5pKCCKE2ajJHZ9KAiaK11H,1,barbadian pop|dance pop|pop|post-teen pop|r&b|urban contemporary
Ritt Momney,7MPGCB854Qo4alYMOPkBka,1,bedroom pop
River Whyless,7gRGh8w4G9zaFJSaIYp8HH,3,asheville indie|deep new americana|folk-pop|indie folk|new americana|stomp and flutter|stomp and holler
Rogue Valley,1EbGAjTV50qpZ53jXTvmV7,1,midwest americana
Rogue Wave,2JSc53B5cQ31m0xTB7JFpG,1,bay area indie|indie pop|indie rock|modern rock|noise pop|oakland indie|stomp and holler
Roosevelt,4AQrqVz6BYwy29iMxcGtx7,1,alternative dance|athens indie|chillwave|indie emo|indie soul|indietronica|nu disco|shiver pop|vapor soul
Rostam,04XggbrM51GcFPTxBYtRXT,1,art pop|indie pop|shimmer pop
Rubblebucket,6xriZDSK3wPXhOoZXr9fzF,1,indie pop|shimmer pop
Rufus Wainwright,2PfBzriIMRsCXPDtSy9vg8,1,canadian pop|chamber pop|melancholia|piano rock|singer-songwriter
Run The Jewels,4RnBFZRiMLRyZy0AzzTg2C,6,escape room|hip hop|political hip hop
Run–D.M.C.,3CQIn7N5CuRDP8wEI7FiDA,1,east coast hip hop|hardcore hip hop|hip hop|hip house|old school hip hop|queens hip hop|rap
RuthAnne,31rVRoX5ZG9ZyRbHvlEwjA,1,uk contemporary r&b
Ryan Adams,2qc41rNTtdLK0tV3mJn2Pm,3,alternative country|folk|neo mellow|new americana|pop rock|roots rock|singer-songwriter|stomp and holler
Ryan Gosling,6kXm2YCtdUOpRYNKeKhfue,3,hollywood
RØMANS,4b8dLpJgJpNQYzu4AtXLt3,1,uk pop
SALES,6vVztIuqdDHvYWxOEXCzjN,1,orlando indie
STRFKR,2Tz1DTzVJ5Gyh8ZwVr6ekU,2,alternative dance|chillwave|indie pop|indie rock|indietronica|modern rock|shimmer pop|vapor soul
SZA,7tYKF4w9nC0nq9CsPZTHyP,1,pop|pop rap|rap
Saba,7Hjbimq43OgxaBRpFXic4x,1,chicago rap|hip hop|rap|underground hip hop
Said The Whale,0QTnH6UEP2jbZEVO6g6Vfe,1,canadian indie|vancouver indie
Saint Motel,1dWEYMPtNmvSVaDNLgB6NV,1,indie pop|indie poptimism|indie rock|la indie|modern alternative rock|modern rock|pop rock|rock
Saint Raymond,1eIoJGCu3rShrRm2wfOhN8,1,english indie rock|indie anthem-folk|indie pop|indie poptimism|modern alternative rock|modern rock
Sam & Dave,2BVYdY4PyfCF9z4NrkhEB2,3,classic soul|funk|memphis soul|motown|soul|southern soul
Sam Beam,25hkV0FAhcjmadGqi8DNKr,1,chamber folk
Sam Burchfield,2S8ft2HNlQ2Ox9ltQZM1A5,1,indiecoustica|stomp and holler
Sam Cooke,6hnWRPzGGKiapVX1UCdEAC,2,adult standards|brill building pop|classic soul|rock-and-roll|soul
Sam Smith,2wY79sveU1sp5g7SokKOiI,14,pop|uk pop
Sam Weber,5S7A3k8YvGhc78LKeqe8gl,1,canadian indie folk
Sampha,2WoVwexZuODvclzULjPQtm,1,indie r&b|indie soul
San Cisco,0Ou0138wEd8XWebhc4j7O0,1,australian hip hop|australian indie|australian pop|fremantle indie|indie pop|indietronica|metropopolis|perth indie
San Fermin,7fSnislKgW9Mz0YIqWQmGt,3,brooklyn indie|chamber pop|indie pop|stomp and holler
Sanders Bohlke,4AP2adBA7JiDBoymnpYqVI,1,mississippi indie
Santana,6GI52t8N5F02MxU0g5U69P,1,blues rock|classic rock|mexican classic rock
Santigold,6Jrxnp0JgqmeUX1veU591p,1,alternative dance|electropop|escape room|indie pop|indietronica|new rave
Sarah,33Gx2JOUU4jrmRhjxwaOxb,1,
Sarah,48UenHtU3JJLLpPopY9CIW,1,
Savannah Sgro,5aj9AKqFL0JpL2sQ8Q2irp,1,indie electropop
Scary Pockets,1e16kiJQtCTveTl7TQnkFN,1,retro soul
Scenic Route to Alaska,4tUP4gz64sNmLHP1M2eLI5,1,canadian indie|edmonton indie
Scott Bradlee's Postmodern Jukebox,5HYNPEO2NNBONQkp3Mvwvc,1,swing
Sean Hayes,478LE6WL6BARBaLU2NHefl,5,stomp and holler
Sean Kingston,6S0dmVVn4udvppDhZIWxCr,1,dance pop|miami hip hop|pop|post-teen pop|urban contemporary
Sean McSwiggan,2KqdDqBFNOPns7KzeQ256a,1,
Seratones,7D9TOQJq1HnpnQZlNNYWqc,1,
Serena Ryder,3jmxkI8Jhv8bHOd2qSiU9j,1,canadian indie|canadian pop|canadian singer-songwriter|lilith|ontario indie|pop quebecois
Shakey Graves,1fZpYWNWdL5Z3wrDtISFUH,26,austin americana|austindie|deep new americana|indie folk|modern rock|new americana|stomp and holler
Shannon Shaw,4bKniuCGFic42eaNWK34Jq,1,alternative americana
Shannon and The Clams,6A5Ns1SpGWTt8SzXPwiqVE,3,bay area indie|garage pop|indie garage rock|oakland indie|power-pop punk
Sharon Jones & The Dap-Kings,6LufpoVlIYKQCu9Gjpk8B7,12,afrobeat|classic soul|funk|neo soul|retro soul|soul|southern soul
Sharon Van Etten,2wJ4vsxWd7df7dRU4KcoDe,1,art pop|chamber pop|freak folk|indie folk|indie pop|indie rock|melancholia|new jersey indie|stomp and holler
Shoos Off,6hS6xIhVWdR6BBTMPYSAvQ,4,la pop
Shovels & Rope,1M3BVQ36cqPQix8lQNCh4K,3,alternative country|deep new americana|indie folk|new americana|roots rock|south carolina indie|stomp and holler
Sia,5WUlDfRSoLAfcVSX1WnrxN,3,australian dance|australian pop|dance pop|pop
Silversun Pickups,6qyi8X6MdP1lu6B1K6yh3h,1,alternative metal|alternative rock|dance-punk|indie pop|indie rock|la indie|modern alternative rock|modern rock|post-grunge|rock
Simon & Garfunkel,70cRZdQywnSFp9pnc2WTCE,2,classic rock|folk|folk rock|melancholia|mellow gold|rock
Sinkane,0ip3L7jX2aq8T1VTJRFZ9w,1,sudanese pop
Sir Babygirl,3Z9b1MnVKbJw8LpgQclsls,1,new hampshire indie
Sir Sly,3DFoVPonoAAt4EZ1FEI8ue,1,electropop|indie pop|indie poptimism|indie rock|indietronica|la indie|modern alternative rock|modern rock|shimmer pop|vapor soul
Sir Woman,3H03S3ZtyYLdzsk6EYndUL,2,austindie
Sister Sparrow,5kah03Pzp6s8eD8vRIhdfL,1,deep new americana|retro soul
Sjowgren,32Ko3nL0210QAt14S3Rs4Y,3,indie pop|indie poptimism|stomp and holler
Sky Ferreira,7pyhre5oEEFMqcgMEvJY7q,1,art pop|candy pop|dance pop|electropop|escape room|indietronica|la indie|metropopolis|neo-synthpop
Slash,4Cqia9vrAbm7ANXbJGXsTE,1,alternative metal|hard rock|post-grunge|rock
Sleeping At Last,0MeLMJJcouYXCymQSHPn8g,7,ambient worship|chamber pop|dreamo|pop
Sleepwalkers,0vIFLqYvyNzfBjzyo6J0Pv,1,rva indie
Smokey Robinson,0h9smro0z3HqUbD94jotU8,1,classic soul|disco|funk|motown|quiet storm|soul|southern soul
Snail Mail,4QkSD9TRUnMtI8Fq1jXJJe,1,art pop|baltimore indie|indie pop|indie rock
Snoop Dogg,7hJcb9fa4alzcOq3EaNPoG,1,g funk|gangster rap|hip hop|rap|west coast rap
Snowmine,0UQCSEnTVyI8gtCVEeJMKN,1,
Soccer Mommy,4wXchxfTTggLtzkoUhO86Q,3,art pop|electropop|indie folk|indie pop|indie rock|small room
Soko,4Q3f2YYH4gQxWFS3WY5G3j,1,
Solange,2auiVi8sUZo17dLy1HwrTU,1,afrofuturism|alternative r&b|art pop|dance pop|electropop|escape room|hip pop|indie soul|neo soul|pop|r&b|urban contemporary
Solo Woods,2SrsKqD053CseoB0321K8I,1,indie electropop|neo r&b
Solomon Burke,4nts0oxMT67lVUoi5Kjxrb,1,classic soul|funk|motown|soul|soul blues|southern soul|vocal jazz
Son Little,4lujUKeO6nQAJXpq37Epn7,3,funk|soul
Sonoya Mizuno,4FFGJ9ERSX06Sl8hD7GRVv,1,
Spencer & Antfood,3hHShK97agxgJjodHN43L4,1,
St. Paul & The Broken Bones,4fXkvh05wFhuH77MfD4m9o,36,funk|indie folk|retro soul|soul
St. South,1n3X60xWCyL1zytSiKeu4D,1,vapor soul
Starship,0kObWap02DEg9EAJ3PBxzf,1,album rock|dance rock|mellow gold|new romantic|new wave|new wave pop|soft rock
Steadman,3qff5GxQQHRdFPWB5M0Pws,1,
Stella Donnelly,2mHjhKyKCLh6MZELuCe1Es,1,australian indie|australian singer-songwriter|perth indie
Steve Aoki,77AiFEVeAVj2ORpC85QVJs,1,big room|dance pop|edm|electro house|tropical house
Stevie Wonder,7guDJrEfX3qb6FEbdPA5qi,5,funk|motown|quiet storm|soul
Sticky Fingers,3ZGr7nQBXDU2WhyXgRVbt0,1,australian reggae fusion|reggae fusion
Still Woozy,4iMO20EPodreIaEl8qW66y,2,bedroom pop|indie pop|modern rock|oakland indie
Stop Light Observations,2EOIjdzbFGRM87IvJU34JJ,2,modern alternative rock|south carolina indie
Storyman,6COz3VM06L8Ulc5Yo0EQmn,1,
Sufjan Stevens,4MXUO7sVCaFgFjoTI5ox5c,1,baroque pop|chamber pop|freak folk|indie folk|singer-songwriter
Sum 41,0qT79UgT5tY4yudH9VfsdT,1,alternative metal|canadian pop punk|canadian punk|nu metal|pop punk|post-grunge|punk
Sun June,0UIQXpn5oXhmpgbUDFzaLb,1,austin americana
Sundara Karma,4fgXfJCQnK6c44u4KzAtQP,1,english indie rock|indie pop|modern alternative rock|modern rock|reading indie|rock
Sure Sure,1anAI9P9iSzc9qzLv6AtHZ,1,indie pop|indie rock|indietronica|la indie|modern rock|vapor soul
Susto,7foyQbi7GKriLiv1GPVEwt,4,deep new americana|indie folk|new americana|roots rock|south carolina indie|stomp and holler
Sylvan Esso,39vA9YljbnOApXKniLWBZv,2,art pop|electropop|etherpop|indie folk|indie pop|indie rock|indietronica
T-Pain,3aQeKQSyrW4qWr35idm0cy,1,dance pop|hip hop|pop|pop rap|r&b|rap|southern hip hop|trap|urban contemporary
TOKiMONSTA,3VwKSHAfgzV1DOHV0aANCI,1,chillwave|electra|escape room|indie soul|indietronica|vapor soul|vapor twitch|wonky
Talib Kweli,0lEssBAxQl2In4RpaB1C2Y,1,alternative hip hop|conscious hip hop|east coast hip hop|hardcore hip hop|hip hop|southern hip hop
Tame Impala,5INjqkS1o8h1imAzPqGZBb,1,australian psych|neo-psychedelic
Tameca Jones,5irHweR0nrxBHwB6WiFN3L,1,
Tamino,3IWdvItNhmdo282Wwp0CwH,1,belgian indie
Tammi Terrell,75jNCko3SnEMI5gwGqrbb8,2,motown
Tash Sultana,6zVFRTB0Y1whWyH7ZNmywf,1,australian reggae fusion
Taylor Swift,06HL4z0CvFAxyc27GXpf02,4,dance pop|pop|post-teen pop
Tedeschi Trucks Band,2gFsmDBM0hkoZPmrO5EdyO,2,blues rock|electric blues|funk|jam band|mellow gold|modern blues|new americana|rock|roots rock
Ten Fé,3cohAS2UQTaOo80kCn8qjT,1,metropopolis
Terraplane Sun,2jUEbzY3ihXrzqOaTV6jTF,1,
Thao & The Get Down Stay Down,2dn0CGCWvtrwZ66bOeLNb2,1,art pop|indie pop|stomp and holler
The 1975,3mIj9lX2MWuHmhNCA7LSCW,1,indie pop|modern alternative rock|modern rock|nu gaze|pop|rock
The A-Sides,02mT6P1v66bhBigeioLHwu,1,philly indie
The Airborne Toxic Event,7xovAENFxmyEWhzbnHsB3Z,12,indie pop|indie rock|la indie|metropopolis|modern alternative rock|modern rock|pop rock|stomp and holler
The Antlers,5o8Wylae9k23IEJMIiwd8s,1,art pop|brooklyn indie|chamber pop|freak folk|indie folk|indie pop|indie rock|melancholia|stomp and holler
The Apache Relay,62pBNClOEZJEyRXrzC2CtI,1,lo star|modern folk rock|stomp and holler
The Arcs,3mVWMgLc7bcyCBtL2ymZwK,1,funk|garage rock|indie rock|modern blues rock|modern rock|punk blues|rock
The Avett Brothers,196lKsA13K3keVXMDFK66q,3,indie folk|neo mellow|new americana|north carolina indie|progressive bluegrass|stomp and holler
The Bailen Brothers,4pAZURH9WyFyoA4gvS9CTF,1,
The Ballroom Thieves,7kZBQcHbD4IKKEJIMnrRWC,3,boston folk|deep new americana|folk-pop|indie folk|indiecoustica|new americana|new england americana|stomp and holler
The Barr Brothers,4OyRutd80DZC22C4pl63l7,2,canadian americana|canadian indie|deep new americana|indie folk|new americana|stomp and holler
The Beatles,3WrFJ7ztbogyGnTHbHJFl2,1,beatlesque|british invasion|classic rock|merseybeat|psychedelic rock|rock
The Beths,7DjwIxbe8kpw4pqnzAMoin,5,auckland indie|indie punk|indie rock|kiwi rock|modern power pop|nz indie
The Black Keys,7mnBLXK823vNxN3UWB7Gfz,45,alternative rock|blues rock|garage rock|modern blues rock|modern rock|punk blues|rock
The Breeders,1xgFexIwrf2QjbU0buCNnp,1,alternative pop|alternative rock|boston rock|dance rock|dayton indie|indie rock|lilith|lo-fi|post-punk|rock
The Brilliance,26nltVmOVeIfYmwcmqTm7e,1,acoustic pop|ambient worship|anthem worship|ccm|christian pop|christian uplift|deep ccm|indiecoustica|roots worship|worship
The Brook & The Bluff,4dWtsQvuME6tCWFycaTvO7,7,alabama indie|indie cafe pop|indie folk|indiecoustica|stomp and holler
The California Honeydrops,21t0aavYGSGFkYYFhu6urk,2,bay area indie|deep new americana|funk|indie folk|new americana
The Californian,1BZKH3A11JAuhDCO6EXMUt,1,
The Careful Ones,1DdAoWvETBUklcJCOISZx1,1,ambient folk
The Chicks,25IG9fa7cbdmCIy3OnuH57,2,contemporary country|country|country dawn
The Cinematic Orchestra,32ogthv0BdaSMPml02X9YB,2,downtempo|electronica|ninja|nu jazz
The Colourist,0hK26QoGcuKV3lH0x9MvUU,1,indie pop|indie poptimism|indietronica|metropopolis|shimmer pop
The Dig,2Ki2mlU4LhZZ0BOYHWbcot,6,shimmer pop
The Dip,2qFOYqFxPaIwEnffVhJhEn,9,funk|indie folk|retro soul
The Districts,3HZgaiR960RFqx9d4LPraD,30,indie rock|lancaster pa indie
The Dramatics,2W8UTum7bU7ue6m0r14H97,1,classic soul|disco|funk|jazz funk|memphis soul|motown|quiet storm|soul|southern soul
The Features,3FaKHeTy1zMZVtQAvwaF0x,1,
The Flaming Lips,16eRpMNXSQ15wuJoeqguaB,1,alternative rock|art rock|indie pop|indie rock|modern rock|noise pop|okc indie|rock
The Franklin Electric,6LLYwvo2N1nDcUvyw9XPGN,4,canadian indie folk|indie quebecois
The Fray,0zOcE3mg9nS6l3yxt1Y0bK,57,modern rock|neo mellow|piano rock|pop|pop rock
The Gooch Palms,5rtGpDaS0oxKOm2PgBj6jr,1,australian garage punk
The Greeting Committee,1MIe1z4RdqLqHSJsb7EBMm,7,indie pop|kc indie|modern rock
The Growlers,2RhgnQNC74QoBlaUvT4MEe,1,garage rock revival|indie garage rock|indie surf
The Head and the Heart,0n94vC3S9c3mb2HyNAOcjg,12,folk-pop|indie folk|neo mellow|new americana|seattle indie|stomp and holler
The Housemartins,77D38RDgCtlYNLpayStftL,1,britpop|dance rock|new romantic|new wave|new wave pop
The Hunts,1fFdRZK1GDGXL7vRxxUWLH,1,folk-pop|hampton roads indie|indiecoustica|stomp and holler
The Isley Brothers,53QzNeFpzAaXYnrDBbDrIp,1,classic soul|disco|funk|motown|quiet storm|soul|southern soul
The Japanese House,3IunaFjvNKj98JW89JYv9u,1,art pop|electropop|indie pop|indie poptimism|indietronica|modern dream pop|vapor soul
The Jungle Giants,6wFwvxJkurQPU2UdeD4qVt,7,australian indie|australian pop
The Killers,0C0XlULifJtAgn6ZNCW2eu,18,modern rock|permanent wave|pop rock|rock
The Knux,52gwRVa1eX4gTCplPd2tlq,1,
"The Last Artful, Dodgr",6jpOOrGFSWdHx6leHfU54n,1,portland hip hop
The Last Bison,6eJRqkCcePqNJkhk98IDbc,1,hampton roads indie|stomp and holler
The Last Revel,2PyWfmEeKmRNhQkAJ1zJXw,1,deep new americana|midwest americana|new americana
The Lone Bellow,7JFtD8KnbAADBBDleIMuH7,1,acoustic pop|deep new americana|indie folk|new americana|stomp and holler
The Lovin' Spoonful,7CCn4PFRRRZF127jtCBAUe,1,brill building pop|bubblegum pop|classic rock|country rock|folk|folk rock|mellow gold|merseybeat|psychedelic rock|rock|rock-and-roll|roots rock|soft rock|traditional folk
The Lumineers,16oZKvXb6WkQlVAjwo2Wbg,36,folk-pop|modern rock|stomp and holler
The Microphones,7Ht57YadlBXcFJDK3plmhO,2,alternative rock|anti-folk|freak folk|indie pop|indie rock|lo-fi|noise pop|olympia wa indie|slowcore
The Middle East,6imbHAlhHrFwtsOgqpeBK2,2,australian indie|australian indie folk|chamber pop
The Milk Carton Kids,7fxtWEwKKrFaykKItspdYg,1,indie folk|new americana|progressive bluegrass|stomp and flutter|stomp and holler
The Mother Hips,754hwfwMX4RL52JZYmQaBR,1,bay area indie
The National,2cCUtGK9sDU2EoElnk0GNB,18,indie rock|modern rock
The Neighbourhood,77SW9BnxLY8rJ0RciFqkHh,2,modern alternative rock|modern rock|pop|rock
The New Basement Tapes,2oQpz9DEfhuSbuT8hjhTDK,2,indie folk|new americana|roots rock
The New Pornographers,4mO4aGO6u29UyR6XLZR9XW,2,alternative rock|anti-folk|canadian indie|indie pop|indie rock|modern power pop|modern rock|stomp and holler|vancouver indie
The O'My's,1GQx6SUIHxDC1mRIFIpslD,1,alternative r&b
The Oh Hellos,3Fe3pszR2t4TOBVz41B1WR,2,folk-pop|indie folk|indiecoustica|san marcos tx indie|shimmer pop|stomp and holler
The Ohio University Leading Tones,5zJNvzonuDQCSsY9g3cuhw,1,
The Paper Kites,79hrYiudVcFyyxyJW0ipTy,24,australian indie folk|indie anthem-folk|indie folk|neo mellow|stomp and holler
The Peach Kings,6Lt0qzVmaKAw52vpXMTT3i,1,
The Presets,1zTAQ6zkGz2L2i6lfR30EX,1,alternative dance|australian dance|australian hip hop|australian indie|dance-punk|electronica|indietronica|new rave
The Raconteurs,4wo1267SJuUfHgasdlfNfc,1,alternative rock|garage rock|garage rock revival|indie rock|modern alternative rock|modern blues rock|modern rock|post-grunge|rock|supergroup
The Rare Occasions,1QfpRUtH14JLoY6F6AYmwt,1,la indie
The Revivalists,5kuJibJcwOC53s3OkoGMRA,6,indie folk|modern alternative rock|modern rock|rock
The Roots,78xUyw6FkVZrRAtziFdtdu,1,alternative hip hop|conscious hip hop|east coast hip hop|hardcore hip hop|hip hop|neo soul|philly rap|political hip hop|southern hip hop
The Rubens,2hrWpLNoJcs1EnWSXvB6JI,28,australian hip hop|australian indie|australian pop
The Secret Sisters,5fIZHCg2de8322HZodBDWL,1,alternative country|folk|indie folk|new americana
The Seige,6Cny0Wt5OKLct1rGOLmu80,1,cali rap|modern alternative rock
The Servant,679k99IJomQUuRMbhiohrY,1,british alternative rock
The Sheepdogs,4U33udokhmKATsu8UoqUEN,2,canadian indie|canadian rock|electric blues|modern blues rock|rock
The Shins,4LG4Bs1Gadht7TCrMytQUO,19,albuquerque indie|alternative rock|indie folk|indie pop|indie rock|modern rock|portland indie|rock|stomp and holler
The Shouting Matches,4Ol9S3QuVEVdbXfSjM6ZdQ,2,deep new americana|eau claire indie|funk|modern blues rock
The Soul Stirrers,1bZKspL8h396R1WihOiPb5,1,gospel singers|gospel soul
"The Spartones from Greensboro, NC",3DTZU2XC1Vw4YqE0AKLbdV,1,
The Spinners,5fbhwqYYh4YwUoEs582mq5,1,classic soul|disco|funk|motown|philly soul|quiet storm|soul|southern soul
The Staple Singers,7xGGqA85UIWX1GoTVM4itC,1,chicago soul|classic soul|funk|memphis soul|motown|quiet storm|soul|southern soul
The Staves,5G49Sq5mMzAkGL4ZP6eVPY,1,indie folk|indie pop|new americana|stomp and holler|uk americana
The Strumbellas,6ujr1NkqbZpYOhquczUUfl,1,canadian indie|folk-pop|pop rock|stomp and holler
The Sugarhill Gang,7zliF6Q946WznVk3ZMYhZX,1,east coast hip hop|electro|funk|hip hop|hip house|new jersey rap|old school hip hop|rap
The Suitcase Junket,7Iew8GtdYcaznLxIJpJxeS,1,deep new americana|new england americana|one-person band|western mass indie
The Swell Season,2buJppisWV2GWWBWgkK074,1,melancholia
The Tallest Man On Earth,2BpAc5eK7Rz5GAwSp9UYXa,4,chamber pop|indie folk|stomp and holler|swedish americana|swedish singer-songwriter
The Temptations,3RwQ26hR2tJtA8F9p2n7jG,1,classic soul|funk|memphis soul|motown|soul
The University Of Georgia's With Someone Else's Money,71LhJhIWQAZWFRDOvSfT8r,1,
The Vaccines,0Ak6DLKHtpR6TEEnmcorKA,3,indie pop|indie rock|modern alternative rock|modern rock|rock
The Velvet Underground,1nJvji2KIlWSseXRSlNYsC,1,alternative rock|art rock|classic rock|folk rock|melancholia|permanent wave|protopunk|psychedelic rock|rock
The Washington University In St. Louis's Mosaic Whispers,0XedhcQD1C7Dbuvt75FDPq,1,
The Weather Station,39ZEMGRv3pIYTYKEhr4Abu,1,canadian indie|indie folk|modern folk rock
The Weeknd,1Xyo4u8uXC1ZmMpatF05PJ,1,canadian contemporary r&b|canadian pop|pop
The Weeks,3zE5jV6Uw9hhdWCXM8hS3j,3,mississippi indie
The Weepies,6pwHWKweuoCyx3OoFaD0Q5,1,acoustic pop|folk|indie folk|indie pop|lilith|neo mellow
The White Stripes,4F84IBURUo98rz4r61KF70,5,alternative rock|blues rock|garage rock|modern blues rock|modern rock|permanent wave|punk blues|rock
The Wood Brothers,6FxuPrpa8phaP3Xn73emhT,1,blues rock|deep new americana|funk|jam band|modern blues|new americana|progressive bluegrass|roots rock|stomp and holler
The xx,3iOvXCl6edW5Um0fXEBRXy,1,downtempo|dream pop|indietronica
The-Dream,1W3FSF1BLpY3hlVIgvenLz,1,dance pop|deep pop r&b|hip hop|hip pop|pop|r&b|southern hip hop|trap|urban contemporary
Thelma Plum,0C6qzW0Am8OVyHSoT57fnC,1,australian hip hop|australian indie|australian indigenous|australian pop
Theo Katzman,2a4lU7F8toqKpb5v6Ftqya,1,retro soul
Thomas Owens,5klnPBXrUhyAGezIS6V28F,1,
Timan Family Choir,78OK71F2nNKI5nNw4BycWm,1,
Tiny Meat Gang,072QZuLtCqlAesYnOGY7lN,2,meme rap|social media pop
Tom Brosseau,2N8B0dQLfpwOtput9mRlko,8,north dakota indie
Tom Odell,2txHhyCwHjUEpJjWrEyqyX,19,modern rock|neo mellow|pop|pop rock
Tom T. Hall,1SvG3y1gYAFOsv9785Xu9T,1,classic country pop|country|country rock|folk|outlaw country|traditional folk
Tor Miller,6HCZOENaZRSdEWQVSN8vzL,1,nyc pop
Trent Dabbs,6QFuGrftxjfONIARygYHIe,2,acoustic pop|christian indie|indiecoustica|neo mellow
Trina,4PrinKSrmILmo0kERG0Ogn,1,deep pop r&b|escape room|hip pop|miami hip hop|pop rap|r&b|rap|rap latina|southern hip hop|trap|trap queen
Ty Dolla $ign,7c0XG5cIJTrrAgEC3ULPiq,1,hip hop|pop|pop rap|r&b|southern hip hop|trap|trap soul
Tycho,5oOhM2DFWab8XhSdQiITry,2,chillwave|downtempo|indietronica|intelligent dance music
"Tyler, The Creator",4V8LLVI7PbaPR0K2TGSxFF,3,hip hop|rap
Typhoon,6p6WlxIkeWH8yOYvciFfVl,16,portland indie|stomp and holler
Tōth,02nqs3YdfX7Th3gYTYFrqc,1,
U2,51Blml2LZPmy7TTiAg47vQ,3,irish rock|permanent wave|rock
Unknown Mortal Orchestra,1LeVJ5GPeYDOVUjxx1y7Rp,1,chillwave|indie pop|indie rock|indie soul|indietronica|kiwi rock|neo-psychedelic|new rave|portland hip hop|psychedelic pop
Unlimited Gravity,0yQosVg3rwqj4yD7BHiTjF,1,
Vacationer,4rs1K6gDzLY5VnCMSC80o7,2,chillwave|indie pop|indie rock|indietronica|modern rock|philly indie|shimmer pop
Valerie June,4QZdOCb3UacKbQ1ybDFAKM,1,indie folk|memphis americana|new americana
Vampire Weekend,5BvJzeQpmsdsFp4HGUYUEx,2,baroque pop|indie pop|indie rock|modern rock|rock
Vance Joy,10exVja0key0uqUkk6LJRT,5,folk-pop|modern rock|neo mellow|pop|pop rock
Various Cruelties,55GxwgjpoIuWz7TCMD5Xns,12,
Verskotzi,4jgG1WFdSmoMOX5QAZY0bI,10,
Villagers,2m1l9MLSslzup4vvokKgvQ,2,chamber pop|indie folk|indie rock|stomp and holler
Vince Staples,68kEuyFKyqrdQQLLsmiatm,2,conscious hip hop|escape room|hip hop|rap|southern hip hop|underground hip hop
Vitamin String Quartet,6MERXsiRbur2oJZFgYRDKz,8,bow pop|classify
Volcano Choir,6gAtOqhriLzOzb3Qqmg5kO,4,eau claire indie|indie folk|wisconsin indie
Vulfpeck,7pXu47GoqSYRajmBCjxdD6,2,ann arbor indie|funk rock|instrumental funk
WHY?,0d7aBBLFcc4dlETnae6zcH,1,abstract hip hop|anti-folk|bay area indie|freak folk|indie rock
Wafia,0FL2d6iFFNAV3yBUbXjZ1U,1,australian hip hop|australian indie|australian pop
Warm Human,55B50xjgkbaSWD0MZXhhX4,1,
Watsky,3mJ9GlkLzj8Ka7Z7EQaCMi,3,abstract hip hop|comic|indie pop rap|modern rock|pop rap
West Angeles Mass Choir,3bsJsziYSfce3GCqthQCPM,1,
White Denim,0RdRumkn2UydUjqytNJ2Cp,2,austin rock|austindie|freak folk|funk|indie rock|modern rock|neo-psychedelic
White Panda,1mOUOvOOaoTF2b3kDjrety,1,indie pop rap|mashup
Wiidope,2tQDm3eO5HZrK7g2YAoIPd,1,
Wilco,2QoU3awHVdcHS8LrZEKvSM,2,alternative country|alternative rock|chicago indie|indie pop|indie rock|rock|roots rock|slowcore
Wild Child,1xLMexpeeTKQ20SwGMaGSK,48,austin americana|austindie|deep new americana|folk-pop|indie folk|stomp and holler
Wild Party,48PAAxWdIDbA4WHkHjgsEv,3,indie pop|indie poptimism|modern alternative rock|modern rock
Wilder Adkins,2AQVIbXzroJV8VBwKdy7Pc,1,christian uplift|indiecoustica|roots worship
Wilder Woods,26DytDdxKgr9N0tdrBSLs2,5,acoustic pop|indiecoustica|neo mellow
Wilderado,1Tp7C6LzxZe9Mix6rn4zbI,1,deep new americana|indie folk|modern rock|new americana|stomp and holler
Wildermiss,7K9fyLw4RPBp8PIFkif2eB,2,denver indie
Will Dailey,2cqtuLnbDrAHvHkKRnSMBH,1,boston folk
Willie Nelson,5W5bDNCqJ1jbCgTxDD0Cb3,1,classic country pop|country|country rock|nashville sound|outlaw country|singer-songwriter|texas country
Wilson Pickett,0N5PyKJzS3M1XNlaCL7bbE,4,brill building pop|classic soul|funk|memphis soul|motown|rock-and-roll|soul|southern soul
Wynton Marsalis,375zxMmh2cSgUzFFnva0O7,1,bebop|big band|classical trumpet|contemporary post-bop|cool jazz|hard bop|jazz|jazz trumpet|new orleans jazz|straight-ahead jazz
Wynton Marsalis Septet,3cOaUqzZ7TYloRPGcuQnMY,1,jazz
Yeah Yeah Yeahs,3TNt4aUIxgfy9aoaft5Jj2,1,alternative dance|alternative rock|dance-punk|garage rock|indie pop|indie rock|modern rock|new rave|rock
Yeasayer,04HvbIwBccFmRie5ATX4ft,1,alternative dance|brooklyn indie|chillwave|dance-punk|indie pop|indie rock|modern rock|new rave|shimmer pop|stomp and holler
Yeek,5BhFZpE8kUGZJiKOsYjLQM,2,alternative r&b|indie r&b
Yellow Days,3dv4Q4q3LWOnbLJnC6GgTY,1,bedroom pop
Yellow Ostrich,3zIJJVhqINXeuLWMbZdlbY,3,shimmer pop|stomp and holler
You Me and Apollo,5WnCDLphIz64UWulYViECP,1,
You Won't,5lBYzBQdFqhcJRc30cPHa9,26,modern folk rock|stomp and holler
Young the Giant,4j56EQDQu5XnL7R3E9iFJT,2,indie pop|indie rock|indietronica|modern alternative rock|modern rock|pop rock|rock|stomp and holler
Your Smith,2kTZfKGZEj8R76z3ooKOF1,6,electropop|minneapolis indie
Youth Lagoon,1Z2KInfSmPOzAIYyiaXeti,2,chillwave|dream pop|idaho indie|indie pop|indie rock|indietronica|shimmer pop|stomp and holler
Zack De La Rocha,1jKpNUjiz4KXgaAZD5FI9S,1,industrial hip hop|political hip hop
Zero 7,14H7ag1wpQOsPPQJOD6Dqr,1,downtempo|electronica|nu jazz|trip hop
Zoe Manville,3cirKgD46SUAENxkH571sd,1,
Zoë Kravitz,4G4om3U7TKES0hDBQYYVy7,1,
alt-J,3XHO7cRUPCLOr6jwp8vsx5,23,indie rock|modern rock
boygenius,1hLiboQ98IQWhpKeP9vRFw,1,
clipping.,5HJ2kX5UTwN4Ns8fB5Rn1I,1,alternative hip hop|escape room|experimental hip hop|industrial hip hop
half•alive,7sOR7gk6XUlGnxj3p9F54k,2,indie pop|modern alternative rock|modern rock|rock
illuminati hotties,3ztRX1UoIOsFqpD7dB6R8O,1,indie punk|indie rock|small room
of Montreal,5xeBMeW0YzWIXSVzAxhM8O,1,alternative dance|alternative rock|anti-folk|art pop|athens indie|baroque pop|dance-punk|e6fi|freak folk|indie pop|indie rock|lo-fi|modern rock|new rave
yMusic,4h7DUL1L3RrCzquDp8xQXY,1,modern performance
Ásgeir,7xUZ4069zcyBM4Bn10NQ1c,2,icelandic folk|icelandic indie|icelandic pop|indie folk
